{"type":"FeatureCollection","features":[{"type":"Feature","properties":{"name":"City","zoneId":1},"geometry":{"type":"Polygon","coordinates":[[[151.1767706,-33.8753432],[151.1768068,-33.8754438],[151.1768199,-33.8757264],[151.1768371,-33.8758773],[151.1768373,-33.8760371],[151.1771058,-33.8760271],[151.1780635,-33.8758796],[151.1781288,-33.8758424],[151.1784784,-33.8756431],[151.1785225,-33.8757051],[151.1785473,-33.8757404],[151.1795245,-33.8769492],[151.1793466,-33.8773242],[151.1793679,-33.8775041],[151.1794425,-33.877677],[151.1793999,-33.8777003],[151.179594,-33.8779449],[151.1795037,-33.8779979],[151.1797054,-33.8782461],[151.1798001,-33.8782885],[151.1799306,-33.8783806],[151.1801381,-33.8786372],[151.1802041,-33.8787652],[151.1803448,-33.8789468],[151.1805281,-33.8790577],[151.180678,-33.8792524],[151.1807723,-33.8792833],[151.1807752,-33.8793041],[151.1808146,-33.8793762],[151.1810257,-33.8796385],[151.1810673,-33.8796901],[151.1808074,-33.8798436],[151.1807022,-33.8799096],[151.1806603,-33.8799981],[151.1807905,-33.8803254],[151.1808486,-33.8804019],[151.181294,-33.8809416],[151.1813243,-33.8809255],[151.1813416,-33.8809164],[151.1816133,-33.8807724],[151.1819015,-33.8811276],[151.1820796,-33.8810193],[151.18219,-33.8811569],[151.1822294,-33.881206],[151.1822902,-33.8812817],[151.1822206,-33.8813192],[151.1821921,-33.8813346],[151.1823918,-33.8815866],[151.1820323,-33.8817871],[151.1819659,-33.8818234],[151.1822086,-33.8821331],[151.1822868,-33.8822361],[151.18233,-33.88229],[151.1823993,-33.8822515],[151.1824253,-33.8822371],[151.1826292,-33.8821238],[151.1828813,-33.8824207],[151.1829456,-33.8824557],[151.1829702,-33.8824861],[151.1830562,-33.8825925],[151.1831265,-33.8825558],[151.1832611,-33.8827143],[151.1833676,-33.8826525],[151.1834299,-33.8827493],[151.1833559,-33.882788],[151.1830984,-33.8829228],[151.1832913,-33.8831513],[151.1832903,-33.883265],[151.1832896,-33.8833398],[151.1832896,-33.8833462],[151.1832894,-33.8833657],[151.1832893,-33.8833782],[151.1834822,-33.8836034],[151.1839142,-33.8833482],[151.1838821,-33.8832948],[151.1839725,-33.8832381],[151.1838801,-33.8831297],[151.1839886,-33.8830696],[151.1839357,-33.8830071],[151.1840466,-33.8829479],[151.1842289,-33.8831695],[151.1848848,-33.8827977],[151.1847019,-33.8825773],[151.1848126,-33.882516],[151.1848198,-33.8825248],[151.1849226,-33.8826512],[151.1849953,-33.8827405],[151.1850397,-33.882795],[151.1853088,-33.8826542],[151.1853651,-33.8827176],[151.1853283,-33.8827369],[151.1853597,-33.8827713],[151.1853639,-33.8827696],[151.1855238,-33.8829378],[151.1855534,-33.8829225],[151.1860483,-33.883465],[151.1857248,-33.8836435],[151.1859358,-33.8836818],[151.1859044,-33.8838639],[151.18589,-33.884014],[151.1860191,-33.8840274],[151.1860178,-33.8840391],[151.1860863,-33.8840469],[151.186153,-33.8840645],[151.1861575,-33.8840497],[151.1861715,-33.8840508],[151.1861716,-33.8840661],[151.1861836,-33.8840672],[151.1862288,-33.8839172],[151.1865105,-33.8839621],[151.1870504,-33.8839768],[151.1870249,-33.8843858],[151.1874723,-33.8845935],[151.1874783,-33.8847412],[151.1878221,-33.8847336],[151.188381,-33.8847354],[151.1895461,-33.8847765],[151.190615,-33.8847994],[151.1913487,-33.8847746],[151.1918408,-33.8847202],[151.1928966,-33.8846038],[151.1937783,-33.884527],[151.1941761,-33.8844924],[151.1948315,-33.8844453],[151.1947003,-33.8847734],[151.1944617,-33.8853354],[151.1938219,-33.8868185],[151.1936236,-33.8871713],[151.1934163,-33.8874313],[151.1932239,-33.8876293],[151.1931747,-33.8876776],[151.1932422,-33.8877395],[151.1933075,-33.8877802],[151.193478,-33.8878464],[151.1938698,-33.8879202],[151.1943611,-33.887999],[151.1950437,-33.8880901],[151.1950718,-33.8880942],[151.1951676,-33.8881069],[151.1952415,-33.8881125],[151.1952712,-33.8881148],[151.1955084,-33.8881442],[151.1959689,-33.8882009],[151.1962521,-33.8882404],[151.196284,-33.8882444],[151.1963206,-33.8882492],[151.1963838,-33.8882573],[151.1964766,-33.8882694],[151.1965129,-33.8882743],[151.1969754,-33.88834],[151.1975596,-33.8884183],[151.1976778,-33.8884347],[151.1982221,-33.8885122],[151.1984915,-33.8885479],[151.1988363,-33.8886023],[151.1988648,-33.8886064],[151.199814,-33.888742],[151.2003708,-33.8888167],[151.2004942,-33.8888346],[151.2009851,-33.8889163],[151.2011305,-33.8889407],[151.2012989,-33.8889658],[151.2015192,-33.888969],[151.2016247,-33.8889889],[151.2017217,-33.8890176],[151.2017705,-33.8890325],[151.2018073,-33.8890435],[151.2018609,-33.8890594],[151.2020703,-33.8891143],[151.2022401,-33.8891386],[151.2023939,-33.8891589],[151.2025486,-33.8891808],[151.202716,-33.8892033],[151.2028242,-33.8892226],[151.2028761,-33.8892309],[151.2029123,-33.8892364],[151.2029488,-33.8892424],[151.2040119,-33.8893887],[151.2043722,-33.8894363],[151.2044064,-33.8894408],[151.2045545,-33.8894619],[151.204647,-33.8894733],[151.2046789,-33.8894778],[151.2049209,-33.8895123],[151.2057099,-33.8896189],[151.2059463,-33.889658],[151.2059661,-33.8896606],[151.2059875,-33.8896634],[151.2060848,-33.8896759],[151.2061734,-33.8896883],[151.2062073,-33.8896931],[151.2065246,-33.8897376],[151.2068329,-33.8897783],[151.2069336,-33.8897933],[151.2070097,-33.8898028],[151.2074127,-33.8898466],[151.2077248,-33.8898934],[151.2077858,-33.8899025],[151.2078245,-33.8899106],[151.2079186,-33.8899475],[151.2080147,-33.8899836],[151.2080383,-33.8899929],[151.208318,-33.8901037],[151.209048,-33.8903781],[151.2090786,-33.8903897],[151.2091704,-33.8904249],[151.2092443,-33.8904511],[151.2092731,-33.8904613],[151.2095553,-33.89057],[151.2100818,-33.8907718],[151.2102902,-33.8908517],[151.2106034,-33.8909682],[151.2106341,-33.8909797],[151.2107581,-33.8910258],[151.210824,-33.891053],[151.2108571,-33.8910667],[151.2111589,-33.8911815],[151.2115691,-33.8913391],[151.2116691,-33.8913734],[151.2117645,-33.8913986],[151.2119206,-33.8914227],[151.2121706,-33.891457],[151.2123877,-33.8914874],[151.2125021,-33.891503],[151.2125344,-33.8915085],[151.2127306,-33.8915339],[151.2128776,-33.8915564],[151.212914,-33.8915607],[151.2132357,-33.8916043],[151.21346,-33.8916365],[151.2136278,-33.8916583],[151.2140039,-33.8917103],[151.2143359,-33.891757],[151.2143633,-33.8917608],[151.2144098,-33.8917647],[151.2144709,-33.8917722],[151.2145485,-33.8917813],[151.2145806,-33.8917866],[151.2149095,-33.8918321],[151.2158034,-33.8919544],[151.2160464,-33.8919866],[151.216277,-33.8920193],[151.2163575,-33.8920293],[151.2166215,-33.8920648],[151.2166546,-33.8920692],[151.2167361,-33.8920837],[151.2168452,-33.8921062],[151.2168722,-33.892],[151.2172533,-33.8905416],[151.2176858,-33.8886224],[151.2178633,-33.8873963],[151.217909,-33.8870153],[151.2179715,-33.886559],[151.2181147,-33.8863996],[151.2181443,-33.8858476],[151.2182507,-33.885516],[151.2189151,-33.8867447],[151.2196821,-33.8867829],[151.2204133,-33.8868392],[151.220724,-33.8868827],[151.2211211,-33.8869221],[151.2215348,-33.8869901],[151.2223505,-33.887149],[151.2224353,-33.8871655],[151.2234955,-33.8873683],[151.2240542,-33.8875169],[151.2245185,-33.8876545],[151.2254051,-33.8879755],[151.2256374,-33.8880693],[151.2259066,-33.8882009],[151.226063,-33.8882774],[151.2270044,-33.8888253],[151.2273046,-33.888963],[151.2275237,-33.8890783],[151.2279904,-33.8892885],[151.2282939,-33.8894067],[151.2287542,-33.8895617],[151.2289851,-33.8896358],[151.2290247,-33.8895453],[151.229316,-33.8896245],[151.2299775,-33.8897835],[151.2306613,-33.8898758],[151.2313743,-33.8899183],[151.2321163,-33.8899323],[151.2324478,-33.889893],[151.2328052,-33.8898135],[151.2329014,-33.8897896],[151.2330613,-33.8897495],[151.2335487,-33.8896615],[151.2336335,-33.8896431],[151.233914,-33.8897487],[151.2353316,-33.8902721],[151.236491,-33.8906632],[151.2370059,-33.8907303],[151.2374098,-33.8907575],[151.2375839,-33.8907459],[151.239171,-33.8904387],[151.2394639,-33.8903384],[151.2402619,-33.8900083],[151.2409055,-33.8899282],[151.2408941,-33.889837],[151.2413376,-33.8897539],[151.2418394,-33.8897018],[151.242153,-33.8896863],[151.2427593,-33.8896863],[151.2431621,-33.8897037],[151.2436264,-33.8897374],[151.2441953,-33.8898151],[151.2445816,-33.8898909],[151.2450129,-33.8899877],[151.2455279,-33.8901056],[151.246142,-33.8902526],[151.2468363,-33.8904189],[151.2470707,-33.8904737],[151.2474514,-33.8905596],[151.2478333,-33.8906253],[151.2483372,-33.8906966],[151.2490569,-33.8907541],[151.2495653,-33.8907605],[151.2500275,-33.8907413],[151.2503763,-33.8907176],[151.2504995,-33.8905558],[151.2505927,-33.8904354],[151.250741,-33.8904685],[151.2510268,-33.8904373],[151.251458,-33.8903306],[151.2515246,-33.8903268],[151.2515809,-33.8903238],[151.2515983,-33.8903197],[151.2520915,-33.8902026],[151.2523996,-33.8901294],[151.2524963,-33.8904166],[151.2526296,-33.8904321],[151.2528073,-33.8904911],[151.2529548,-33.8905217],[151.2533974,-33.8907315],[151.2536368,-33.890751],[151.2536918,-33.8908634],[151.2553051,-33.8898804],[151.2556317,-33.8896973],[151.2560306,-33.8894479],[151.2561943,-33.8893817],[151.2561353,-33.8892704],[151.2561151,-33.8892581],[151.2561634,-33.8889625],[151.256095,-33.8889748],[151.2557437,-33.8889369],[151.2558603,-33.8880897],[151.255898,-33.8880686],[151.2561727,-33.8880977],[151.2561791,-33.8879892],[151.2563154,-33.8880045],[151.2563741,-33.8875953],[151.2535071,-33.8869458],[151.2528967,-33.886869],[151.2520987,-33.8865372],[151.2514789,-33.8865069],[151.2509581,-33.8864183],[151.2497811,-33.8863383],[151.2492655,-33.8862054],[151.2488098,-33.8861837],[151.2485741,-33.8861665],[151.2483173,-33.8860561],[151.2482568,-33.8860723],[151.2481976,-33.8860817],[151.2481358,-33.8860848],[151.248072,-33.8860846],[151.2480279,-33.8860774],[151.2478425,-33.8860466],[151.2477178,-33.8860243],[151.2476491,-33.8860143],[151.2475804,-33.8860111],[151.2475418,-33.8860162],[151.2475018,-33.8860326],[151.2473361,-33.8861753],[151.2472487,-33.8862471],[151.2470864,-33.8863736],[151.2470455,-33.8863986],[151.2469991,-33.8864203],[151.2469452,-33.8864355],[151.2468899,-33.8864429],[151.246815,-33.8864361],[151.2466915,-33.8864247],[151.2465991,-33.8864255],[151.2464921,-33.8864425],[151.2464693,-33.8863096],[151.2464635,-33.8862753],[151.2463564,-33.8856504],[151.2463447,-33.8855559],[151.246344,-33.8854745],[151.24635,-33.8853],[151.2463802,-33.8850483],[151.2463801,-33.885],[151.2463746,-33.8849613],[151.2463271,-33.8847101],[151.2463041,-33.884433],[151.2462988,-33.8843689],[151.2462814,-33.8839607],[151.24628,-33.8838956],[151.2462814,-33.8837293],[151.2462816,-33.8837053],[151.2461815,-33.8837009],[151.2455948,-33.8836748],[151.2452458,-33.8832371],[151.2449913,-33.8830605],[151.2448393,-33.8831855],[151.2447291,-33.8829359],[151.2445954,-33.8826275],[151.2445476,-33.8826057],[151.2446076,-33.8823585],[151.2445579,-33.8823375],[151.2445082,-33.882297],[151.24448,-33.882258],[151.2442708,-33.8818834],[151.2443768,-33.8818593],[151.2444856,-33.8816007],[151.2444716,-33.8813764],[151.2442783,-33.881226],[151.243737,-33.8806115],[151.2435062,-33.8807502],[151.2434255,-33.8808273],[151.2433397,-33.8807326],[151.2432126,-33.880821],[151.2431417,-33.8808061],[151.2430873,-33.8807538],[151.2428047,-33.8808821],[151.2428106,-33.880892],[151.2427304,-33.8809317],[151.2429413,-33.8811685],[151.24267,-33.8813381],[151.2423813,-33.8810708],[151.2422077,-33.8809064],[151.2423034,-33.8808706],[151.2421101,-33.8806634],[151.2419478,-33.8804702],[151.242689,-33.8801564],[151.2422105,-33.8796703],[151.2417236,-33.8798939],[151.2417067,-33.8798316],[151.2416476,-33.8797848],[151.2415988,-33.8797147],[151.2413746,-33.8796065],[151.2404702,-33.8793448],[151.2404768,-33.8795185],[151.2402844,-33.879446],[151.2401165,-33.8794312],[151.2401137,-33.8793751],[151.2398276,-33.8793572],[151.2398294,-33.8793019],[151.2398097,-33.8791742],[151.2395611,-33.8791773],[151.2395611,-33.8792653],[151.2393575,-33.8792653],[151.2393594,-33.8790519],[151.2391915,-33.8789164],[151.2387083,-33.8791088],[151.2378424,-33.8788058],[151.2377195,-33.878604],[151.2374887,-33.878509],[151.2373517,-33.878118],[151.2374108,-33.878016],[151.2371941,-33.8779326],[151.2371838,-33.8779108],[151.2372238,-33.8778627],[151.2376077,-33.8774001],[151.2377889,-33.8771818],[151.2380441,-33.8772822],[151.2381698,-33.8770821],[151.2382036,-33.8769722],[151.2382852,-33.8767993],[151.2381238,-33.8767526],[151.2383799,-33.8763452],[151.2383302,-33.8763398],[151.2384932,-33.875904],[151.2385017,-33.8758495],[151.2382315,-33.8755184],[151.2384397,-33.87546],[151.2384407,-33.8753525],[151.2385326,-33.8752077],[151.2386574,-33.8751781],[151.2386668,-33.8751368],[151.2388178,-33.8751048],[151.2386574,-33.8749849],[151.2386912,-33.8747753],[151.2386724,-33.8747239],[151.2389482,-33.8744194],[151.2390177,-33.8743064],[151.2393057,-33.8744295],[151.2393714,-33.874368],[151.2395177,-33.8744264],[151.239605,-33.8742683],[151.2397072,-33.8741865],[151.2397945,-33.8741242],[151.2398714,-33.8740782],[151.2400039,-33.8741305],[151.2401087,-33.8739664],[151.2400265,-33.8739377],[151.2402282,-33.8736028],[151.2400833,-33.8736017],[151.2396391,-33.8735984],[151.2396563,-33.8735004],[151.2395939,-33.8731203],[151.2397638,-33.8728075],[151.2399814,-33.8725684],[151.2402255,-33.8724219],[151.2402613,-33.8724142],[151.2402467,-33.8723107],[151.2402348,-33.8722655],[151.2409002,-33.872379],[151.2409687,-33.8721249],[151.2409,-33.87178],[151.2409064,-33.8717507],[151.2409991,-33.8713014],[151.2414715,-33.8702014],[151.2417204,-33.8694636],[151.2417998,-33.8694301],[151.2418278,-33.8693037],[151.2417491,-33.8692853],[151.2418867,-33.8687334],[151.24189,-33.86872],[151.2418907,-33.8687111],[151.2418993,-33.8685943],[151.241775,-33.8684634],[151.2416439,-33.8684846],[151.2415475,-33.8684135],[151.2412301,-33.8682501],[151.2412824,-33.8682136],[151.2412704,-33.8681884],[151.2412153,-33.8681404],[151.2411415,-33.868192],[151.2409317,-33.8679761],[151.2410013,-33.8678873],[151.2409895,-33.867879],[151.2409355,-33.8678432],[151.2407485,-33.8678276],[151.2406555,-33.8676755],[151.2407273,-33.8676099],[151.2407196,-33.8675012],[151.2407202,-33.8674845],[151.2406998,-33.8672153],[151.2407453,-33.8670235],[151.2406862,-33.8668693],[151.2406707,-33.8668471],[151.2406601,-33.866832],[151.2406518,-33.8668201],[151.2404806,-33.866608],[151.2404445,-33.8665751],[151.2401646,-33.8664368],[151.2396058,-33.8666342],[151.2395714,-33.866646],[151.2392729,-33.8667441],[151.2392125,-33.866728],[151.2392182,-33.86682],[151.2391645,-33.8668245],[151.2391575,-33.8667566],[151.2390994,-33.8667629],[151.2391033,-33.8668308],[151.2390396,-33.8668432],[151.2389848,-33.8668665],[151.2389258,-33.8668695],[151.2389243,-33.8668367],[151.2386649,-33.8669039],[151.2386522,-33.8669073],[151.2384023,-33.8669739],[151.2384424,-33.8671459],[151.2380999,-33.8671945],[151.2380739,-33.8670773],[151.2375108,-33.8671091],[151.2371543,-33.8671501],[151.2371433,-33.8671059],[151.2371262,-33.8671072],[151.2370255,-33.867116],[151.2369702,-33.8671228],[151.236997,-33.8672796],[151.2365994,-33.8673142],[151.235971,-33.8674759],[151.2359566,-33.8674796],[151.2359294,-33.8674866],[151.2359184,-33.8674894],[151.2359154,-33.8674902],[151.2356921,-33.8675921],[151.2356811,-33.8675971],[151.235609,-33.86763],[151.2351344,-33.8678511],[151.235006,-33.8679138],[151.2352592,-33.8696869],[151.2353427,-33.8702398],[151.2353607,-33.8705127],[151.2353626,-33.8707954],[151.2353466,-33.8709997],[151.2353083,-33.8712908],[151.2353103,-33.8713714],[151.2353044,-33.8714029],[151.235298,-33.8714371],[151.2352153,-33.8717935],[151.2351017,-33.8721364],[151.2350859,-33.8721843],[151.2349946,-33.8724073],[151.2349787,-33.8724434],[151.2349541,-33.8724965],[151.2349375,-33.8725238],[151.2348445,-33.8726878],[151.2346802,-33.8726054],[151.2343714,-33.8730318],[151.2344476,-33.8730713],[151.2344664,-33.8730486],[151.2345889,-33.8731087],[151.2345702,-33.8731351],[151.2346813,-33.8732019],[151.2346236,-33.8732701],[151.2345168,-33.8732067],[151.2344938,-33.873233],[151.2343135,-33.8731168],[151.2341148,-33.873306],[151.2340938,-33.8733298],[151.2340812,-33.873342],[151.2342399,-33.873445],[151.2341591,-33.8735336],[151.2340335,-33.8734561],[151.2338802,-33.8736013],[151.2338233,-33.8735659],[151.2334991,-33.8738891],[151.2335878,-33.8739632],[151.2334426,-33.8740952],[151.2334021,-33.874132],[151.2334019,-33.8741429],[151.233534,-33.874247],[151.2332284,-33.8744673],[151.2330197,-33.8746136],[151.2328971,-33.8746947],[151.2327918,-33.8747503],[151.2327018,-33.8747805],[151.2326006,-33.8748029],[151.232426,-33.8748219],[151.2323149,-33.8748251],[151.2322057,-33.8748251],[151.2321422,-33.8748221],[151.232034,-33.874804],[151.231861,-33.8747631],[151.2316542,-33.8746979],[151.2314972,-33.8746374],[151.2313842,-33.8745834],[151.2312559,-33.8745166],[151.2311429,-33.8744514],[151.2310337,-33.8743878],[151.2309609,-33.8743385],[151.2307867,-33.8742018],[151.2307311,-33.8741843],[151.230689,-33.8741747],[151.2306468,-33.8741859],[151.2306028,-33.8742113],[151.2305779,-33.8742479],[151.2305252,-33.8742259],[151.2304692,-33.8742029],[151.2305013,-33.8741366],[151.2305205,-33.8740634],[151.2305205,-33.8740094],[151.230509,-33.8739649],[151.2304936,-33.8739203],[151.2304553,-33.8738562],[151.2303994,-33.8737806],[151.2303396,-33.8736968],[151.230208,-33.8734937],[151.2301255,-33.8733195],[151.2300647,-33.8731603],[151.2300302,-33.8730497],[151.2300149,-33.8730005],[151.2301642,-33.872925],[151.230481,-33.8727605],[151.2306922,-33.8726571],[151.230917,-33.8725559],[151.2311496,-33.8724479],[151.2313043,-33.8722726],[151.2314126,-33.8720769],[151.2317079,-33.8714743],[151.2317593,-33.8713956],[151.2317647,-33.8712809],[151.2316564,-33.8711684],[151.2315435,-33.8711136],[151.2315101,-33.8710538],[151.2314838,-33.8710163],[151.2314526,-33.8709913],[151.2314326,-33.8709781],[151.2312645,-33.8709098],[151.2312057,-33.8708896],[151.231178,-33.8708764],[151.2311236,-33.8708481],[151.2309472,-33.8707257],[151.230941,-33.8707055],[151.2309444,-33.8706889],[151.2309292,-33.8706641],[151.2308881,-33.8706047],[151.2307866,-33.8704906],[151.2307359,-33.8704717],[151.2306818,-33.8704222],[151.2306711,-33.870349],[151.230655,-33.8702779],[151.2306363,-33.8702246],[151.2305893,-33.8701453],[151.2305106,-33.8700758],[151.2304036,-33.8700047],[151.2302939,-33.869967],[151.2301866,-33.869948],[151.2299462,-33.869927],[151.2299103,-33.8699239],[151.2298847,-33.8699359],[151.2298365,-33.8699781],[151.2298071,-33.8700514],[151.2297563,-33.8701202],[151.2296894,-33.8701624],[151.2296012,-33.8701935],[151.229537,-33.8702068],[151.2294567,-33.8702135],[151.2293818,-33.8702135],[151.2292936,-33.8702068],[151.2292106,-33.8701846],[151.229091,-33.8701335],[151.2290796,-33.8701286],[151.2289806,-33.8700758],[151.228896,-33.8700264],[151.228887,-33.8700203],[151.2288015,-33.8699545],[151.2286145,-33.8698272],[151.2284916,-33.869739],[151.2284641,-33.8697194],[151.2284376,-33.8697005],[151.2283985,-33.869675],[151.228114,-33.8694895],[151.2280143,-33.8694113],[151.2279981,-33.8693986],[151.2278863,-33.8693109],[151.2278723,-33.8692999],[151.2276675,-33.8691392],[151.2276553,-33.8691186],[151.2276472,-33.8691051],[151.2276318,-33.8690792],[151.2276212,-33.8690614],[151.2275199,-33.8688909],[151.2275171,-33.8688756],[151.2274552,-33.8685413],[151.2274456,-33.8684892],[151.2274744,-33.868306],[151.2274767,-33.8682914],[151.227514,-33.8680621],[151.2275393,-33.8680126],[151.2275531,-33.8679871],[151.2276042,-33.8678926],[151.2276175,-33.867868],[151.2277265,-33.8676664],[151.228267,-33.8673939],[151.2284574,-33.8672783],[151.2286741,-33.867023],[151.2287913,-33.8668044],[151.2288397,-33.8665465],[151.2283315,-33.8644777],[151.2283238,-33.8644309],[151.2283007,-33.8642919],[151.228562,-33.8629784],[151.2285629,-33.8629729],[151.2285637,-33.8629673],[151.2286567,-33.8623122],[151.2286575,-33.8623054],[151.2286584,-33.8622974],[151.2286594,-33.8622897],[151.2286613,-33.8622791],[151.2286627,-33.8622714],[151.2288055,-33.8612728],[151.2288467,-33.8611018],[151.2289129,-33.8609674],[151.2290478,-33.8608098],[151.2296765,-33.860226],[151.2297179,-33.8602598],[151.2299506,-33.8600633],[151.2298961,-33.860023],[151.2306024,-33.8593559],[151.2306299,-33.8593716],[151.2306534,-33.8593771],[151.230669,-33.8593819],[151.2306849,-33.8593846],[151.230705,-33.8593836],[151.2307239,-33.8593813],[151.2307391,-33.8593804],[151.2307624,-33.8593821],[151.2307888,-33.8593821],[151.2308182,-33.8593787],[151.2308507,-33.8593568],[151.2308771,-33.8593105],[151.2308609,-33.859281],[151.2308517,-33.8592481],[151.2308436,-33.8592194],[151.2307857,-33.8591286],[151.2307555,-33.859142],[151.2305669,-33.858952],[151.2299517,-33.8583324],[151.2298666,-33.8582751],[151.2296502,-33.8581704],[151.2294764,-33.8581335],[151.2292669,-33.8581064],[151.2290996,-33.8581056],[151.2289839,-33.8581119],[151.2289258,-33.8581181],[151.2289016,-33.8581315],[151.2286048,-33.8579046],[151.2285969,-33.8579177],[151.228342,-33.8578317],[151.2268513,-33.8609054],[151.2269862,-33.8615394],[151.2275852,-33.8631879],[151.227011,-33.8632813],[151.227004,-33.8634237],[151.226545,-33.863497],[151.2265185,-33.8633616],[151.2262358,-33.8634075],[151.2257849,-33.8620415],[151.2256827,-33.8619696],[151.2255633,-33.86196],[151.2254461,-33.8620203],[151.2247796,-33.8634545],[151.2234117,-33.8664328],[151.2216992,-33.8689025],[151.2215086,-33.8688106],[151.2213754,-33.8689983],[151.2212389,-33.8691764],[151.2205843,-33.8691138],[151.2224216,-33.8659453],[151.2223678,-33.8659235],[151.2223792,-33.8659021],[151.2219284,-33.8657223],[151.2219537,-33.8656752],[151.2217719,-33.8655974],[151.2217406,-33.8656495],[151.2218128,-33.8656783],[151.2212547,-33.8666358],[151.2212367,-33.8666649],[151.2209199,-33.8672123],[151.2209023,-33.8672419],[151.2205306,-33.8678854],[151.2205113,-33.867914],[151.2203032,-33.8682672],[151.2201319,-33.8681983],[151.2200872,-33.86821],[151.2200531,-33.8682647],[151.2200684,-33.8683005],[151.2201263,-33.8683248],[151.2198829,-33.8687436],[151.2197749,-33.8686549],[151.2196787,-33.8685204],[151.2196376,-33.8683835],[151.2196337,-33.8682813],[151.2196552,-33.8681836],[151.21972,-33.8681978],[151.2197605,-33.868179],[151.2197786,-33.868123],[151.2197583,-33.86809],[151.2195899,-33.8680511],[151.2196529,-33.8678586],[151.2196638,-33.8678265],[151.2198503,-33.8672563],[151.2198608,-33.8672235],[151.2200364,-33.8666814],[151.2200467,-33.8666493],[151.2200796,-33.8665416],[151.2199103,-33.8664986],[151.2200072,-33.8662112],[151.2199078,-33.8661667],[151.2198866,-33.8661025],[151.2199218,-33.8660632],[151.2198795,-33.8660451],[151.2200061,-33.865898],[151.2199578,-33.8658716],[151.2201911,-33.8656193],[151.2202847,-33.8656715],[151.2204285,-33.8655126],[151.2203891,-33.8654911],[151.2204008,-33.8654764],[151.2203844,-33.8654673],[151.2203871,-33.8653865],[151.2205574,-33.8652002],[151.2205186,-33.8651742],[151.2206538,-33.8650445],[151.2207166,-33.8649513],[151.2209726,-33.864713],[151.2211865,-33.8644452],[151.2213122,-33.8641353],[151.2214091,-33.8639924],[151.2215328,-33.8639077],[151.2215383,-33.8637674],[151.221549,-33.8637571],[151.2215837,-33.8637239],[151.221684,-33.8637977],[151.2218122,-33.8636799],[151.2221047,-33.8634069],[151.2223229,-33.8632003],[151.2223805,-33.8631233],[151.2223685,-33.8630907],[151.2227541,-33.8626613],[151.2229349,-33.8624248],[151.2230084,-33.8622368],[151.223011,-33.8621109],[151.2228806,-33.8610375],[151.2228472,-33.8607595],[151.2228129,-33.8603818],[151.2227998,-33.8601741],[151.2227739,-33.8600635],[151.2227789,-33.8599801],[151.2228036,-33.8598773],[151.2229248,-33.8597848],[151.2229482,-33.8597423],[151.2228778,-33.8595159],[151.2227694,-33.85928],[151.222664,-33.8591548],[151.2224633,-33.859067],[151.2221616,-33.8590316],[151.2219978,-33.8590466],[151.2218562,-33.8591011],[151.2217985,-33.8591846],[151.2216443,-33.8593158],[151.2213591,-33.8597916],[151.2212665,-33.8600397],[151.2211044,-33.8606502],[151.221001,-33.8609222],[151.220892,-33.8611676],[151.2206982,-33.8615491],[151.220444,-33.8620653],[151.2203122,-33.8622741],[151.2201925,-33.8624639],[151.2200942,-33.8625929],[151.2199041,-33.862794],[151.2197484,-33.8629325],[151.2195832,-33.8630525],[151.219451,-33.863126],[151.2192673,-33.8632075],[151.219072,-33.8632654],[151.2189161,-33.8632968],[151.2187289,-33.8633245],[151.2185213,-33.8633253],[151.2183184,-33.8633058],[151.2181168,-33.8632705],[151.2179347,-33.8632149],[151.217921,-33.8632094],[151.2177688,-33.8631489],[151.217598,-33.8630481],[151.2174655,-33.862956],[151.2173151,-33.8628303],[151.2172012,-33.8627087],[151.217128,-33.8626016],[151.2170794,-33.8625232],[151.2170174,-33.8623889],[151.2169771,-33.8622758],[151.216955,-33.8621961],[151.2169368,-33.862105],[151.2169268,-33.8620201],[151.2169235,-33.8619346],[151.2169322,-33.8618354],[151.2169469,-33.8617348],[151.2169956,-33.8615188],[151.2170349,-33.8613972],[151.2170773,-33.8612352],[151.2171273,-33.8610695],[151.2172276,-33.8605947],[151.2172377,-33.8604177],[151.2172216,-33.8601793],[151.2171758,-33.8599334],[151.2170734,-33.8597309],[151.2168709,-33.8594446],[151.2166462,-33.8591905],[151.2164907,-33.8590453],[151.2163421,-33.8589578],[151.2162047,-33.8588821],[151.2159035,-33.8586355],[151.2157014,-33.8584098],[151.215655,-33.8583287],[151.2156461,-33.8583132],[151.215629,-33.8582898],[151.2156026,-33.8582519],[151.2155853,-33.858142],[151.215571,-33.8580551],[151.2155656,-33.8580234],[151.2155371,-33.8578575],[151.2155084,-33.8578506],[151.2157015,-33.8571366],[151.2157322,-33.8570171],[151.2158743,-33.8568624],[151.2159539,-33.8565847],[151.2159101,-33.8565776],[151.2158598,-33.8564016],[151.2158325,-33.8563459],[151.2157904,-33.8562881],[151.2157419,-33.8562445],[151.2156893,-33.8562083],[151.2156351,-33.8561813],[151.2155575,-33.8561559],[151.2154429,-33.8561299],[151.2153444,-33.8561147],[151.2152548,-33.8561096],[151.21519,-33.856111],[151.2151043,-33.8561203],[151.2150401,-33.8561352],[151.2149073,-33.8561703],[151.214818,-33.8561949],[151.2147985,-33.8562031],[151.2147456,-33.856192],[151.214692,-33.8561794],[151.2146632,-33.8561708],[151.2146427,-33.8561685],[151.2146205,-33.8561676],[151.2146097,-33.8561758],[151.2145982,-33.8561869],[151.2145876,-33.8562223],[151.2145579,-33.8563256],[151.2144004,-33.8568749],[151.2142483,-33.857432],[151.2142039,-33.8574236],[151.214207,-33.8574119],[151.2142066,-33.8573995],[151.2142026,-33.8573906],[151.214194,-33.8573795],[151.2141784,-33.8573682],[151.2141626,-33.8573639],[151.2141429,-33.8573653],[151.214126,-33.8573731],[151.2141192,-33.8573805],[151.2141137,-33.8573911],[151.2141096,-33.8574032],[151.2139991,-33.8577905],[151.2139699,-33.8578782],[151.2139335,-33.8579561],[151.2138899,-33.8580435],[151.2138397,-33.8581236],[151.2137624,-33.8582275],[151.213686,-33.8583099],[151.213595,-33.8583936],[151.213497,-33.8584697],[151.213379,-33.8585426],[151.2132565,-33.8586056],[151.2131547,-33.8586569],[151.2130658,-33.8587167],[151.2129646,-33.8587971],[151.2128927,-33.8588778],[151.2128642,-33.8589109],[151.2128806,-33.8589188],[151.2128681,-33.8589349],[151.2127766,-33.8590902],[151.2127478,-33.859159],[151.2127085,-33.8592577],[151.2126737,-33.8593574],[151.2126543,-33.859462],[151.2126506,-33.8595348],[151.2126543,-33.8596218],[151.2126627,-33.8596804],[151.2126823,-33.8597398],[151.2127013,-33.8598083],[151.2127124,-33.8598818],[151.2127068,-33.8600023],[151.2127054,-33.8600118],[151.212704,-33.8600216],[151.2126959,-33.8601557],[151.2126948,-33.8601661],[151.2126938,-33.8601757],[151.2126154,-33.8608298],[151.2125412,-33.8609864],[151.2125183,-33.8610119],[151.2124768,-33.8610451],[151.2121169,-33.8612422],[151.2121469,-33.8608711],[151.2121369,-33.8608711],[151.2120585,-33.8608678],[151.2120381,-33.8608669],[151.2119866,-33.8608647],[151.2119379,-33.8608626],[151.2119305,-33.8608621],[151.2119189,-33.8610136],[151.2119021,-33.8612255],[151.2115491,-33.8611933],[151.2115611,-33.8611111],[151.2115765,-33.8610053],[151.2115948,-33.8608804],[151.2116083,-33.8607877],[151.2116197,-33.8607094],[151.2116312,-33.8606308],[151.2116401,-33.8605693],[151.2116491,-33.8605077],[151.2114299,-33.8604863],[151.211421,-33.860548],[151.2114121,-33.8606098],[151.2114007,-33.8606896],[151.2113887,-33.8607725],[151.2113776,-33.86085],[151.2113586,-33.8609818],[151.2113434,-33.8610874],[151.2113311,-33.861173],[151.2110212,-33.8611424],[151.2110264,-33.8611121],[151.2110362,-33.8610544],[151.2110841,-33.8607735],[151.2110684,-33.8607721],[151.2109785,-33.8607618],[151.2108912,-33.8607517],[151.210875,-33.8607498],[151.210857,-33.8608598],[151.2108218,-33.8610879],[151.2108159,-33.861125],[151.210524,-33.8610958],[151.210529,-33.861068],[151.2105479,-33.8609636],[151.2105911,-33.8607249],[151.2105811,-33.860724],[151.2104858,-33.8607124],[151.2103899,-33.8607008],[151.2103833,-33.8607005],[151.2103715,-33.8607673],[151.2103631,-33.8608126],[151.2103496,-33.8608909],[151.2103305,-33.8609991],[151.210323,-33.8610414],[151.2103159,-33.8610813],[151.2100246,-33.8610571],[151.2100887,-33.8606916],[151.2100819,-33.8606914],[151.2100214,-33.860684],[151.2099867,-33.8606797],[151.2099675,-33.8606774],[151.2099483,-33.860675],[151.2098905,-33.8606679],[151.2098873,-33.8606682],[151.2098855,-33.8606773],[151.2098826,-33.8606928],[151.2098178,-33.8610361],[151.2097041,-33.8610244],[151.2096679,-33.8610029],[151.2096419,-33.8609706],[151.2096154,-33.8609132],[151.2096009,-33.8608581],[151.2095934,-33.860759],[151.2096363,-33.8604036],[151.2096515,-33.8603069],[151.2097481,-33.8598682],[151.2097721,-33.859775],[151.2097842,-33.8597283],[151.2098105,-33.8596261],[151.2098491,-33.8594867],[151.20987,-33.8594413],[151.2099042,-33.8593914],[151.2099362,-33.8593694],[151.2099605,-33.8593623],[151.2099658,-33.8593769],[151.2099808,-33.8593906],[151.2100008,-33.8593984],[151.2100206,-33.8593997],[151.2100382,-33.8593957],[151.210053,-33.8593858],[151.2100642,-33.8593713],[151.2100685,-33.859356],[151.2100947,-33.8593601],[151.210167,-33.8589848],[151.2104668,-33.8574072],[151.2105699,-33.8568729],[151.210443,-33.8568562],[151.2104106,-33.8568865],[151.2103949,-33.8568813],[151.2103776,-33.8568796],[151.2103596,-33.8568815],[151.2103426,-33.856889],[151.2103311,-33.8568986],[151.2103244,-33.856909],[151.2103206,-33.8569237],[151.2103204,-33.8569359],[151.2103242,-33.8569467],[151.2103299,-33.8569548],[151.2102757,-33.857002],[151.2098678,-33.8569827],[151.2098554,-33.856982],[151.2098439,-33.8569813],[151.2096396,-33.8569671],[151.2095177,-33.8568228],[151.2093017,-33.8565516],[151.2092841,-33.8565279],[151.2092647,-33.8565017],[151.2092335,-33.8564595],[151.2092647,-33.8564436],[151.209238,-33.8563779],[151.2091992,-33.8562509],[151.2092323,-33.8562423],[151.2091814,-33.8560923],[151.2093445,-33.8559163],[151.2101358,-33.8559814],[151.2101427,-33.8558986],[151.2103699,-33.8558345],[151.2104427,-33.8558054],[151.2105144,-33.8557594],[151.2105578,-33.8557163],[151.2105927,-33.8556705],[151.2106223,-33.8556028],[151.2106323,-33.85554],[151.2106268,-33.8554896],[151.210612,-33.8554407],[151.2105497,-33.8553415],[151.210324,-33.8549879],[151.2102794,-33.8549226],[151.2102198,-33.8548354],[151.210191,-33.8548356],[151.2101624,-33.854836],[151.2101597,-33.854734],[151.2101323,-33.8547342],[151.210123,-33.8546906],[151.209903,-33.8543481],[151.2098645,-33.8543066],[151.2098331,-33.854278],[151.2097939,-33.8542511],[151.2097459,-33.8542228],[151.2097003,-33.8541985],[151.2092596,-33.8539523],[151.2089423,-33.853769],[151.2087519,-33.8536634],[151.2087018,-33.8536439],[151.2086395,-33.8536344],[151.2083856,-33.8535997],[151.2080439,-33.8535496],[151.2078416,-33.8542914],[151.2078349,-33.8543168],[151.2076798,-33.8549233],[151.2076232,-33.8551273],[151.2073544,-33.855331],[151.2072879,-33.8552854],[151.2072215,-33.8551267],[151.2072083,-33.8550953],[151.2071931,-33.8550588],[151.2070447,-33.8547115],[151.2070361,-33.8546905],[151.2066264,-33.853735],[151.2062186,-33.8538617],[151.2067834,-33.8552267],[151.2068023,-33.8554452],[151.2063446,-33.855798],[151.2062415,-33.8557018],[151.2055853,-33.8541428],[151.2051743,-33.8542651],[151.2058481,-33.8558747],[151.2059097,-33.8560138],[151.2058859,-33.8561133],[151.2056185,-33.8563216],[151.2054414,-33.856426],[151.2054146,-33.8564404],[151.2053845,-33.8564566],[151.2052878,-33.8565045],[151.2052683,-33.8565013],[151.2052308,-33.8564162],[151.2053079,-33.8563915],[151.2052934,-33.8563592],[151.2046532,-33.8548827],[151.2046446,-33.854885],[151.2045443,-33.8546489],[151.2045233,-33.8546399],[151.2041726,-33.8547435],[151.2041609,-33.8547631],[151.2041816,-33.8548123],[151.2041866,-33.8548241],[151.2048943,-33.8565022],[151.2049155,-33.8564961],[151.2049205,-33.8565063],[151.204925,-33.8565174],[151.2049551,-33.856585],[151.2049448,-33.8566025],[151.2048744,-33.8566113],[151.2046365,-33.8566359],[151.2041888,-33.8566335],[151.2035501,-33.8551485],[151.2031334,-33.8552678],[151.203624,-33.8564186],[151.2035076,-33.8565852],[151.2034841,-33.8565738],[151.2035026,-33.856549],[151.2033188,-33.8564574],[151.2032483,-33.8565568],[151.2032342,-33.8565502],[151.2032031,-33.8565353],[151.2029447,-33.8564106],[151.2028037,-33.8563328],[151.2026909,-33.8562825],[151.2026989,-33.8562722],[151.2026861,-33.856148],[151.2026892,-33.8561218],[151.2026794,-33.8560655],[151.202675,-33.855823],[151.2026646,-33.8557486],[151.2026684,-33.8557182],[151.2026359,-33.8555647],[151.2026367,-33.8555248],[151.202598,-33.8553786],[151.2025945,-33.8553448],[151.2026677,-33.8553407],[151.2026605,-33.85525],[151.2001913,-33.8553871],[151.2002031,-33.8555358],[151.200216,-33.8555346],[151.2002561,-33.855855],[151.2002868,-33.8560518],[151.2003518,-33.8567913],[151.2003241,-33.8570128],[151.2002785,-33.857106],[151.200223,-33.8571592],[151.2001549,-33.8571974],[151.200147,-33.8571273],[151.2000197,-33.8571374],[151.2006549,-33.8628081],[151.2008138,-33.8628198],[151.2011542,-33.8658329],[151.2011579,-33.8658699],[151.2011615,-33.8659064],[151.2011816,-33.8660653],[151.2011847,-33.8660934],[151.201188,-33.8661221],[151.2012001,-33.8662266],[151.201226,-33.8664499],[151.2012483,-33.8666418],[151.2012598,-33.8667417],[151.2012678,-33.8668115],[151.2012731,-33.8668578],[151.2012844,-33.8669596],[151.2012962,-33.8670702],[151.2013082,-33.8671766],[151.2013313,-33.867391],[151.2013528,-33.8675908],[151.201382,-33.8678617],[151.2014016,-33.8680435],[151.2014226,-33.8682388],[151.2014514,-33.8685044],[151.2014725,-33.8686993],[151.2014933,-33.8688915],[151.2015072,-33.8690714],[151.2014525,-33.8691828],[151.2014487,-33.8691914],[151.201436,-33.8692199],[151.2012347,-33.8696533],[151.2012413,-33.8696552],[151.2012543,-33.8696591],[151.2012669,-33.8696629],[151.2012773,-33.869666],[151.2011868,-33.8698531],[151.2011873,-33.8698736],[151.2012042,-33.8698949],[151.2012432,-33.8699104],[151.2012224,-33.8699393],[151.2013453,-33.8699782],[151.2016137,-33.8700567],[151.2017152,-33.8700889],[151.2019893,-33.8701777],[151.2020875,-33.8702089],[151.202277,-33.8702661],[151.202319,-33.8703455],[151.2023291,-33.8703658],[151.2023756,-33.870459],[151.2023329,-33.8706999],[151.2022192,-33.8706826],[151.2021864,-33.8708153],[151.202141,-33.870808],[151.2021285,-33.8708615],[151.2021739,-33.8708688],[151.2021397,-33.8710125],[151.2018363,-33.8722464],[151.2017788,-33.8722367],[151.2017621,-33.8723044],[151.2017593,-33.8723162],[151.2017569,-33.8723256],[151.2017466,-33.8723677],[151.2017412,-33.8723894],[151.2017367,-33.8724077],[151.2016904,-33.8725961],[151.2016453,-33.8727732],[151.2015523,-33.8731649],[151.2007497,-33.8734245],[151.2003162,-33.8734134],[151.1998485,-33.8726995],[151.1998038,-33.872517],[151.1998174,-33.8724831],[151.1997808,-33.8724568],[151.1997591,-33.8724694],[151.1997381,-33.8724775],[151.1997157,-33.8724881],[151.1996637,-33.8725096],[151.1994513,-33.8722059],[151.199545,-33.8712543],[151.199513,-33.8712355],[151.1991725,-33.8710352],[151.1992355,-33.8702454],[151.1992573,-33.8702458],[151.199274,-33.8702461],[151.1992739,-33.870034],[151.1992739,-33.8700279],[151.1992738,-33.8700222],[151.1992674,-33.8698461],[151.1992413,-33.8698453],[151.1992421,-33.8697303],[151.1992421,-33.8697151],[151.1992418,-33.8697084],[151.1992416,-33.8697016],[151.1992396,-33.8695576],[151.1993453,-33.8694666],[151.1993118,-33.8694386],[151.1992602,-33.8693957],[151.1990798,-33.8692276],[151.1990781,-33.8689739],[151.1991636,-33.8688961],[151.1992247,-33.8688405],[151.1992082,-33.8685732],[151.1991963,-33.8684718],[151.1989433,-33.8684741],[151.1989262,-33.8684745],[151.1989122,-33.8684748],[151.1982547,-33.8684896],[151.1982438,-33.868048],[151.1982017,-33.8680494],[151.1985075,-33.8671059],[151.1984885,-33.8671019],[151.1985407,-33.8669411],[151.1985595,-33.8669458],[151.1988883,-33.8659184],[151.1988551,-33.8659103],[151.198897,-33.8657992],[151.198971,-33.8655966],[151.1978524,-33.8653076],[151.1977836,-33.8655005],[151.1980277,-33.8655737],[151.197763,-33.866239],[151.1977561,-33.8662568],[151.1977493,-33.8662743],[151.1975876,-33.8666964],[151.1970893,-33.8665636],[151.1970101,-33.8667728],[151.1975212,-33.866904],[151.1975164,-33.8669163],[151.1975142,-33.866922],[151.1975117,-33.8669285],[151.197304,-33.8674625],[151.1973292,-33.8674689],[151.1972804,-33.8676019],[151.1972557,-33.8675961],[151.1971825,-33.8677863],[151.1971599,-33.8678469],[151.1969394,-33.8684521],[151.1967483,-33.8683524],[151.1965699,-33.8682362],[151.1964545,-33.868138],[151.1963257,-33.8680265],[151.1962022,-33.8678902],[151.1961041,-33.8677497],[151.1960519,-33.8676427],[151.1961192,-33.8674892],[151.1961847,-33.8673382],[151.1961116,-33.8672802],[151.1961527,-33.8671792],[151.1961638,-33.8671825],[151.196168,-33.8671656],[151.1962288,-33.867183],[151.19625,-33.867132],[151.1962353,-33.8671278],[151.1962216,-33.8671239],[151.1962121,-33.8671212],[151.1961892,-33.8671146],[151.196421,-33.8665575],[151.1973621,-33.8642597],[151.1975152,-33.8638884],[151.1975029,-33.8638852],[151.1974906,-33.8638819],[151.1973708,-33.8638502],[151.1973862,-33.8638067],[151.1970886,-33.8636651],[151.1970646,-33.8636527],[151.1970315,-33.8636372],[151.1969522,-33.8635981],[151.1969383,-33.8635909],[151.1966475,-33.8634481],[151.1951516,-33.864881],[151.1947004,-33.8653132],[151.1944407,-33.865416],[151.1941945,-33.8652565],[151.194171,-33.8652384],[151.1941504,-33.8651955],[151.1941508,-33.8651784],[151.1941753,-33.8651245],[151.1943215,-33.8648907],[151.1943542,-33.8649102],[151.194372,-33.8648876],[151.1943625,-33.8648825],[151.1943551,-33.8648786],[151.1943383,-33.8648695],[151.1947913,-33.8642984],[151.1948265,-33.8643184],[151.1948447,-33.8642962],[151.1948362,-33.8642914],[151.1948273,-33.8642864],[151.1948095,-33.8642763],[151.1954295,-33.8634947],[151.1954515,-33.8635077],[151.1954576,-33.8635114],[151.1954661,-33.8635164],[151.1954863,-33.8634929],[151.1954498,-33.8634712],[151.1959973,-33.8627797],[151.1960213,-33.8627934],[151.1960282,-33.8627974],[151.196035,-33.8628013],[151.1960547,-33.8627778],[151.1960169,-33.8627561],[151.1961296,-33.8626147],[151.1961233,-33.8626026],[151.1961127,-33.862595],[151.1958354,-33.8625648],[151.195837,-33.8625549],[151.1958386,-33.8625449],[151.1958125,-33.8625423],[151.1958097,-33.862562],[151.1954022,-33.8625177],[151.195404,-33.8625077],[151.1954059,-33.8624977],[151.1953829,-33.8624961],[151.1953799,-33.8625152],[151.1952307,-33.862499],[151.1952197,-33.8625001],[151.1952089,-33.8625031],[151.1951213,-33.8626129],[151.1950899,-33.862596],[151.1950742,-33.8626175],[151.1950804,-33.8626208],[151.195086,-33.8626239],[151.1951051,-33.8626332],[151.1946053,-33.8632597],[151.1945896,-33.8632506],[151.1945818,-33.8632461],[151.1945739,-33.8632415],[151.1945575,-33.8632632],[151.19459,-33.8632788],[151.1938065,-33.8642648],[151.193802,-33.86427],[151.1937978,-33.8642748],[151.1937956,-33.8642772],[151.1937778,-33.8642816],[151.1936074,-33.8643896],[151.1934004,-33.8640205],[151.1934151,-33.8639151],[151.1934559,-33.8638094],[151.1942424,-33.8626524],[151.1942653,-33.8626149],[151.1942797,-33.8625776],[151.1942796,-33.8625267],[151.1942695,-33.8624881],[151.194249,-33.8624532],[151.1942207,-33.8624244],[151.1941941,-33.8624042],[151.1941578,-33.8623881],[151.1941146,-33.8623764],[151.1940719,-33.8623741],[151.194036,-33.8623773],[151.1939997,-33.862387],[151.1939486,-33.8624109],[151.1930646,-33.86283],[151.1930565,-33.8628176],[151.1930494,-33.8628068],[151.1930117,-33.8628245],[151.1930273,-33.8628476],[151.1926859,-33.8630085],[151.1926779,-33.8629961],[151.1926709,-33.8629854],[151.1926302,-33.8630042],[151.1926454,-33.8630275],[151.1921016,-33.8632837],[151.1917836,-33.8635644],[151.1916125,-33.8635123],[151.1908537,-33.8638701],[151.1908072,-33.8639039],[151.1908129,-33.8639575],[151.1909767,-33.8643701],[151.1909864,-33.8643674],[151.1909983,-33.864364],[151.1910101,-33.8643606],[151.1910241,-33.8643566],[151.1910901,-33.8645145],[151.1911469,-33.8644985],[151.1913615,-33.8649999],[151.1913358,-33.8650082],[151.1913461,-33.8650322],[151.1914488,-33.8650021],[151.1915097,-33.8651347],[151.1915874,-33.8651113],[151.1915843,-33.8651043],[151.1915804,-33.8650952],[151.1915252,-33.8651118],[151.1914855,-33.8650228],[151.1916126,-33.8649835],[151.1916284,-33.8650197],[151.1917394,-33.8649864],[151.1918397,-33.8652169],[151.191743,-33.865278],[151.1917488,-33.8652853],[151.1917017,-33.865313],[151.1917085,-33.8653207],[151.1916618,-33.8653485],[151.1916684,-33.8653565],[151.1916214,-33.8653828],[151.1916281,-33.8653933],[151.191569,-33.8654178],[151.1915564,-33.8653984],[151.191365,-33.8654759],[151.1913776,-33.8655017],[151.1908508,-33.865645],[151.19034,-33.8655018],[151.1903337,-33.8655241],[151.1899967,-33.865428],[151.1894986,-33.8658238],[151.1893753,-33.8659357],[151.1892123,-33.8660549],[151.1891588,-33.8659832],[151.1891172,-33.8659585],[151.1886462,-33.8664599],[151.1886944,-33.8664883],[151.1886904,-33.8665654],[151.1887295,-33.8666142],[151.1887136,-33.8668134],[151.1884007,-33.8671826],[151.18745,-33.8680239],[151.187456,-33.8680289],[151.1870805,-33.8683572],[151.1872712,-33.8685085],[151.1872501,-33.8685251],[151.187001,-33.8684446],[151.18644,-33.868263],[151.1863349,-33.8682511],[151.1863018,-33.8682528],[151.1862822,-33.8682675],[151.1862572,-33.8683072],[151.1862053,-33.8684461],[151.1861992,-33.8684625],[151.1861997,-33.8684864],[151.1861999,-33.8684932],[151.1862163,-33.8685175],[151.1863539,-33.868577],[151.1872535,-33.8688155],[151.1873216,-33.8689382],[151.1873174,-33.8691348],[151.1874478,-33.8693501],[151.187349,-33.8693944],[151.1873122,-33.8695389],[151.1873084,-33.8695538],[151.1872501,-33.8697632],[151.1873636,-33.8697907],[151.1878339,-33.8699159],[151.1880594,-33.8699704],[151.1886564,-33.8705674],[151.1892947,-33.8708572],[151.1895955,-33.870982],[151.1898326,-33.8710838],[151.1900214,-33.8711594],[151.190696,-33.8716029],[151.1907291,-33.871638],[151.1908661,-33.8717813],[151.1909795,-33.8719151],[151.1909703,-33.8720053],[151.1910108,-33.8720742],[151.1910292,-33.8720977],[151.1911777,-33.8723381],[151.1913812,-33.872378],[151.1915213,-33.8726653],[151.1916251,-33.8728518],[151.1916743,-33.8729402],[151.1920866,-33.8736781],[151.1921937,-33.8736363],[151.1922893,-33.8737882],[151.1921866,-33.8738551],[151.1919853,-33.8736411],[151.1919534,-33.8736624],[151.1917952,-33.8735001],[151.1917745,-33.8734789],[151.1917421,-33.8734484],[151.191696,-33.8734801],[151.1915653,-33.8735699],[151.1919098,-33.873844],[151.1905136,-33.87491],[151.1895354,-33.8755147],[151.1893708,-33.8756198],[151.1893396,-33.8756355],[151.1891773,-33.8757469],[151.1891258,-33.8756193],[151.1887804,-33.8752082],[151.1887221,-33.8751388],[151.1885731,-33.8749836],[151.1883184,-33.8740883],[151.188328,-33.8739796],[151.1882717,-33.8738864],[151.1882028,-33.873826],[151.1881898,-33.8738146],[151.1881786,-33.8738047],[151.1881506,-33.8737802],[151.1881081,-33.8737761],[151.1880431,-33.8736952],[151.1881969,-33.873503],[151.1882465,-33.8734411],[151.1882747,-33.8734572],[151.1882961,-33.8734289],[151.1881469,-33.873345],[151.1881259,-33.8733711],[151.1881439,-33.873381],[151.1880417,-33.8735073],[151.188022,-33.8734963],[151.1876288,-33.873385],[151.1869562,-33.8732246],[151.1861037,-33.8729996],[151.1858411,-33.8727694],[151.1856579,-33.8725343],[151.1853996,-33.8721499],[151.1851401,-33.8716265],[151.1849576,-33.8713106],[151.1849157,-33.8710729],[151.1848738,-33.871017],[151.1848026,-33.8709282],[151.1846235,-33.8709108],[151.1844065,-33.8709484],[151.184252,-33.8710794],[151.1839199,-33.8713749],[151.1838524,-33.8714393],[151.183841,-33.8714287],[151.1837505,-33.8715032],[151.1837633,-33.8715132],[151.1836717,-33.8716054],[151.1836488,-33.8716468],[151.1836386,-33.8716398],[151.1834399,-33.8718341],[151.1834748,-33.8718678],[151.1834863,-33.8718758],[151.1833933,-33.8719674],[151.1832827,-33.8720285],[151.1832297,-33.8719743],[151.1829774,-33.8721075],[151.1830742,-33.872252],[151.1829685,-33.8723032],[151.1828922,-33.8721523],[151.182825,-33.8723145],[151.1824858,-33.8722212],[151.1825034,-33.8721574],[151.182279,-33.8720884],[151.1819993,-33.8718952],[151.181837,-33.8716573],[151.1816984,-33.8715732],[151.1809534,-33.8713613],[151.1804934,-33.8712418],[151.1801951,-33.8712976],[151.1794632,-33.8716717],[151.1775543,-33.8726204],[151.1774344,-33.8726789],[151.1772434,-33.8727748],[151.1772963,-33.8727886],[151.1773132,-33.8728242],[151.1773041,-33.8728669],[151.1772575,-33.8730957],[151.1772314,-33.8731091],[151.1771395,-33.8735111],[151.177159,-33.8735272],[151.1771005,-33.873781],[151.1770819,-33.8738991],[151.1770212,-33.8741555],[151.1770036,-33.8742095],[151.1769795,-33.8743313],[151.1769603,-33.8744129],[151.1769354,-33.8745229],[151.1768565,-33.8748715],[151.1768477,-33.8749198],[151.1768368,-33.8749803],[151.1768228,-33.8750623],[151.1768105,-33.8752042],[151.1767706,-33.8753432]]]}},{"type":"Feature","properties":{"name":"West","zoneId":2},"geometry":{"type":"Polygon","coordinates":[[[151.1423699,-33.896642],[151.1425201,-33.8967791],[151.1427782,-33.8970339],[151.1428183,-33.8970746],[151.1433983,-33.8976864],[151.1434211,-33.8977096],[151.1435004,-33.8977714],[151.1435192,-33.8977873],[151.1443649,-33.8984798],[151.1443959,-33.8985055],[151.1449886,-33.8990039],[151.1450011,-33.8990144],[151.1452327,-33.8991834],[151.1451731,-33.8992915],[151.1451443,-33.8993501],[151.1451183,-33.8994102],[151.145099,-33.8994628],[151.145083,-33.8995158],[151.145046,-33.899691],[151.145001,-33.8999277],[151.1448659,-33.9006375],[151.1448439,-33.9007591],[151.1449401,-33.9007726],[151.1449722,-33.9007771],[151.1453756,-33.9008031],[151.1454485,-33.9003827],[151.148124,-33.9005597],[151.1481566,-33.9002362],[151.1484473,-33.9002587],[151.1484174,-33.9005732],[151.1485505,-33.9005789],[151.1485214,-33.9010135],[151.1489236,-33.9010402],[151.1489495,-33.9010414],[151.1490473,-33.9010457],[151.1491469,-33.9010502],[151.1491718,-33.9010504],[151.1495804,-33.9010786],[151.1495836,-33.9010186],[151.1495853,-33.900986],[151.1495916,-33.9008652],[151.1495972,-33.900793],[151.1496048,-33.9006944],[151.149618,-33.9006265],[151.1496434,-33.9005802],[151.1496854,-33.9005596],[151.1497088,-33.9005552],[151.1497541,-33.9005571],[151.1497394,-33.9007621],[151.1498547,-33.9007658],[151.1498547,-33.9007963],[151.1499656,-33.9008031],[151.1499846,-33.9006059],[151.1501728,-33.9006143],[151.1501658,-33.9006669],[151.1505789,-33.9006848],[151.1507379,-33.9007884],[151.1510477,-33.9008021],[151.151056,-33.9007169],[151.1511554,-33.9007216],[151.1512201,-33.9007558],[151.1529322,-33.9008472],[151.1529032,-33.9011828],[151.1535266,-33.901208],[151.1535464,-33.9010471],[151.1539703,-33.9010679],[151.155714,-33.9011537],[151.156124,-33.9011739],[151.1562089,-33.9010712],[151.1570227,-33.9000859],[151.1571445,-33.9001446],[151.1573829,-33.8998278],[151.1577426,-33.899794],[151.1578389,-33.8995479],[151.1581709,-33.8996131],[151.1587318,-33.8980757],[151.1590887,-33.8981608],[151.1591529,-33.8981768],[151.1595087,-33.8982605],[151.1598227,-33.8983409],[151.1599847,-33.8983869],[151.1603945,-33.8984978],[151.1609335,-33.8986389],[151.1609744,-33.8986496],[151.1613633,-33.8987841],[151.1626501,-33.8992849],[151.1636173,-33.8996871],[151.1639082,-33.8998142],[151.1640393,-33.8998715],[151.1644713,-33.9000399],[151.1644918,-33.9000005],[151.1646293,-33.8997361],[151.1654378,-33.900057],[151.165303,-33.9002861],[151.1657073,-33.900458],[151.16575,-33.9003693],[151.1657714,-33.9003762],[151.165939,-33.9000188],[151.1660163,-33.9000529],[151.1659817,-33.9001184],[151.1670187,-33.9005085],[151.1670121,-33.9006381],[151.1675906,-33.9008536],[151.1676876,-33.9009763],[151.1680425,-33.9011155],[151.1681789,-33.90111],[151.1684945,-33.9012328],[151.168478,-33.9012737],[151.1692734,-33.9015683],[151.1691397,-33.901812],[151.1694664,-33.9019395],[151.169558,-33.9019733],[151.1698628,-33.9014294],[151.1701299,-33.9009287],[151.1702161,-33.9009737],[151.1702841,-33.9010389],[151.1705663,-33.9016435],[151.1709892,-33.9025495],[151.1710848,-33.9025213],[151.1714721,-33.9024185],[151.172557,-33.9046597],[151.1726006,-33.9047497],[151.1728577,-33.9048455],[151.1731299,-33.9049438],[151.1731667,-33.90495],[151.1731979,-33.9049525],[151.1732994,-33.9049409],[151.1733549,-33.9050597],[151.1733653,-33.9050818],[151.1735696,-33.9055153],[151.1737656,-33.9059161],[151.1734726,-33.9060152],[151.1736641,-33.9064005],[151.1735839,-33.9064244],[151.1735439,-33.9076376],[151.1735406,-33.9077037],[151.1738982,-33.9077012],[151.1739442,-33.9076991],[151.1739863,-33.9076929],[151.1740214,-33.9077704],[151.1740685,-33.9078741],[151.1742408,-33.9078205],[151.1743066,-33.9079585],[151.1745973,-33.9078672],[151.1750333,-33.9088234],[151.1752401,-33.9087247],[151.1756783,-33.9085545],[151.1760385,-33.9084347],[151.1765864,-33.9082738],[151.1774359,-33.9080554],[151.1781155,-33.9078746],[151.1786013,-33.9077237],[151.1791565,-33.9074973],[151.1790993,-33.9073592],[151.1790809,-33.9073147],[151.1796882,-33.9071548],[151.1807625,-33.906872],[151.1809128,-33.9068304],[151.1811985,-33.9067514],[151.1813218,-33.9067179],[151.1814166,-33.9066908],[151.1813865,-33.9066303],[151.181374,-33.9066052],[151.1810618,-33.9059188],[151.1810485,-33.9058927],[151.1810319,-33.9058591],[151.1809496,-33.905682],[151.1809072,-33.9055934],[151.1808693,-33.9055141],[151.1807082,-33.9051698],[151.1806499,-33.9050528],[151.1803816,-33.9045073],[151.1802293,-33.9041922],[151.1802169,-33.9041689],[151.1801958,-33.9041293],[151.1802801,-33.9041018],[151.1803121,-33.9040914],[151.1807653,-33.9039438],[151.1809248,-33.9038946],[151.1812955,-33.9027339],[151.1814737,-33.9021928],[151.1815989,-33.9018482],[151.1816019,-33.9018248],[151.181592,-33.9018039],[151.1816454,-33.9017268],[151.1816339,-33.9017082],[151.1817972,-33.9012141],[151.1818174,-33.9011528],[151.182291,-33.8997194],[151.1823879,-33.8994258],[151.1823975,-33.8993968],[151.1824533,-33.8992281],[151.1825199,-33.8990343],[151.1825465,-33.8990108],[151.182575,-33.8989856],[151.1821271,-33.8985644],[151.1820841,-33.8985212],[151.18201,-33.8984366],[151.1818487,-33.8982804],[151.1816614,-33.8980948],[151.1815881,-33.898024],[151.1815001,-33.8979433],[151.1814685,-33.8979106],[151.1811856,-33.8976295],[151.1813503,-33.897579],[151.1820102,-33.8975816],[151.1820322,-33.8975972],[151.1823063,-33.8975158],[151.1823266,-33.8975453],[151.1824366,-33.8975467],[151.1828207,-33.8974343],[151.1828444,-33.8974737],[151.1829273,-33.897468],[151.1834772,-33.8973458],[151.1840525,-33.8971815],[151.184061,-33.8972082],[151.184621,-33.8970383],[151.1852772,-33.8967873],[151.1853756,-33.8967578],[151.1865149,-33.8964057],[151.1867464,-33.8963317],[151.186963,-33.8962523],[151.1871812,-33.8961752],[151.1873939,-33.8960916],[151.1882279,-33.8958031],[151.1880207,-33.894848],[151.1879673,-33.8946021],[151.187924,-33.8944858],[151.1879609,-33.8944749],[151.1880685,-33.8944415],[151.1884346,-33.8943298],[151.1888632,-33.8941986],[151.1891185,-33.8941205],[151.1892655,-33.8940623],[151.1893143,-33.8940485],[151.1893665,-33.8940357],[151.1894882,-33.893995],[151.1907152,-33.893604],[151.191978,-33.8932023],[151.1920027,-33.8931919],[151.1921126,-33.8931527],[151.1922057,-33.8931217],[151.1922272,-33.8931145],[151.1924863,-33.8930326],[151.1932435,-33.8927858],[151.1942342,-33.8924543],[151.1943412,-33.8924203],[151.194457,-33.8923873],[151.1947175,-33.8923053],[151.1947482,-33.8922961],[151.1947751,-33.8923517],[151.1949485,-33.8927599],[151.1955258,-33.8925908],[151.1953645,-33.8921832],[151.1953375,-33.8921251],[151.1953836,-33.8921095],[151.19576,-33.892005],[151.1960814,-33.8919134],[151.1961041,-33.8919071],[151.1961983,-33.8918801],[151.196451,-33.8918186],[151.1965359,-33.8918142],[151.1965949,-33.8918211],[151.1966501,-33.8918261],[151.196594,-33.891682],[151.196467,-33.89128],[151.1965277,-33.8912837],[151.196438,-33.891134],[151.196425,-33.891045],[151.19761,-33.890135],[151.198139,-33.889372],[151.1987752,-33.8887422],[151.1988234,-33.8886363],[151.1988363,-33.8886023],[151.1984915,-33.8885479],[151.1982221,-33.8885122],[151.1976778,-33.8884347],[151.1975596,-33.8884183],[151.1969754,-33.88834],[151.1965129,-33.8882743],[151.1964766,-33.8882694],[151.1963838,-33.8882573],[151.1963206,-33.8882492],[151.196284,-33.8882444],[151.1962521,-33.8882404],[151.1959689,-33.8882009],[151.1955084,-33.8881442],[151.1952712,-33.8881148],[151.1952415,-33.8881125],[151.1951676,-33.8881069],[151.1950718,-33.8880942],[151.1950437,-33.8880901],[151.1943611,-33.887999],[151.1938698,-33.8879202],[151.193478,-33.8878464],[151.1933075,-33.8877802],[151.1932422,-33.8877395],[151.1931747,-33.8876776],[151.1932239,-33.8876293],[151.1934163,-33.8874313],[151.1936236,-33.8871713],[151.1938219,-33.8868185],[151.1944617,-33.8853354],[151.1947003,-33.8847734],[151.1948315,-33.8844453],[151.1941761,-33.8844924],[151.1937783,-33.884527],[151.1928966,-33.8846038],[151.1918408,-33.8847202],[151.1913487,-33.8847746],[151.190615,-33.8847994],[151.1895461,-33.8847765],[151.188381,-33.8847354],[151.1878221,-33.8847336],[151.1874783,-33.8847412],[151.1874723,-33.8845935],[151.1870249,-33.8843858],[151.1870504,-33.8839768],[151.1865105,-33.8839621],[151.1862288,-33.8839172],[151.1861836,-33.8840672],[151.1861716,-33.8840661],[151.1861715,-33.8840508],[151.1861575,-33.8840497],[151.186153,-33.8840645],[151.1860863,-33.8840469],[151.1860178,-33.8840391],[151.1860191,-33.8840274],[151.18589,-33.884014],[151.1859044,-33.8838639],[151.1859358,-33.8836818],[151.1857248,-33.8836435],[151.1860483,-33.883465],[151.1855534,-33.8829225],[151.1855238,-33.8829378],[151.1853639,-33.8827696],[151.1853597,-33.8827713],[151.1853283,-33.8827369],[151.1853651,-33.8827176],[151.1853088,-33.8826542],[151.1850397,-33.882795],[151.1849953,-33.8827405],[151.1849226,-33.8826512],[151.1848198,-33.8825248],[151.1848126,-33.882516],[151.1847019,-33.8825773],[151.1848848,-33.8827977],[151.1842289,-33.8831695],[151.1840466,-33.8829479],[151.1839357,-33.8830071],[151.1839886,-33.8830696],[151.1838801,-33.8831297],[151.1839725,-33.8832381],[151.1838821,-33.8832948],[151.1839142,-33.8833482],[151.1834822,-33.8836034],[151.1832893,-33.8833782],[151.1832894,-33.8833657],[151.1832896,-33.8833462],[151.1832896,-33.8833398],[151.1832903,-33.883265],[151.1832913,-33.8831513],[151.1830984,-33.8829228],[151.1833559,-33.882788],[151.1834299,-33.8827493],[151.1833676,-33.8826525],[151.1832611,-33.8827143],[151.1831265,-33.8825558],[151.1830562,-33.8825925],[151.1829702,-33.8824861],[151.1829456,-33.8824557],[151.1828813,-33.8824207],[151.1826292,-33.8821238],[151.1824253,-33.8822371],[151.1823993,-33.8822515],[151.18233,-33.88229],[151.1822868,-33.8822361],[151.1822086,-33.8821331],[151.1819659,-33.8818234],[151.1820323,-33.8817871],[151.1823918,-33.8815866],[151.1821921,-33.8813346],[151.1822206,-33.8813192],[151.1822902,-33.8812817],[151.1822294,-33.881206],[151.18219,-33.8811569],[151.1820796,-33.8810193],[151.1819015,-33.8811276],[151.1816133,-33.8807724],[151.1813416,-33.8809164],[151.1813243,-33.8809255],[151.181294,-33.8809416],[151.1808486,-33.8804019],[151.1807905,-33.8803254],[151.1806603,-33.8799981],[151.1807022,-33.8799096],[151.1808074,-33.8798436],[151.1810673,-33.8796901],[151.1810257,-33.8796385],[151.1808146,-33.8793762],[151.1807752,-33.8793041],[151.1807723,-33.8792833],[151.180678,-33.8792524],[151.1805281,-33.8790577],[151.1803448,-33.8789468],[151.1802041,-33.8787652],[151.1801381,-33.8786372],[151.1799306,-33.8783806],[151.1798001,-33.8782885],[151.1797054,-33.8782461],[151.1795037,-33.8779979],[151.179594,-33.8779449],[151.1793999,-33.8777003],[151.1794425,-33.877677],[151.1793679,-33.8775041],[151.1793466,-33.8773242],[151.1795245,-33.8769492],[151.1785473,-33.8757404],[151.1785225,-33.8757051],[151.1784784,-33.8756431],[151.1781288,-33.8758424],[151.1780635,-33.8758796],[151.1771058,-33.8760271],[151.1768373,-33.8760371],[151.1768371,-33.8758773],[151.1768199,-33.8757264],[151.1768068,-33.8754438],[151.1767706,-33.8753432],[151.1768105,-33.8752042],[151.1768228,-33.8750623],[151.1768368,-33.8749803],[151.1768477,-33.8749198],[151.1768565,-33.8748715],[151.1769354,-33.8745229],[151.1769603,-33.8744129],[151.1769795,-33.8743313],[151.1770036,-33.8742095],[151.1770212,-33.8741555],[151.1770819,-33.8738991],[151.1771005,-33.873781],[151.177159,-33.8735272],[151.1771395,-33.8735111],[151.1772314,-33.8731091],[151.1772575,-33.8730957],[151.1773041,-33.8728669],[151.1773132,-33.8728242],[151.1772963,-33.8727886],[151.1772434,-33.8727748],[151.1772136,-33.8727911],[151.1766216,-33.8724537],[151.1762619,-33.872288],[151.1760523,-33.8724973],[151.1759404,-33.872453],[151.1758892,-33.8723719],[151.175942,-33.8723006],[151.1759071,-33.8722605],[151.1758427,-33.8722605],[151.1757569,-33.8722627],[151.1756818,-33.8722783],[151.1752934,-33.8724438],[151.1749601,-33.8722302],[151.1749367,-33.8722152],[151.1749902,-33.8721576],[151.1748556,-33.8720688],[151.1748286,-33.8720526],[151.1748173,-33.8720461],[151.1747633,-33.8721077],[151.1746143,-33.8720124],[151.1744238,-33.871887],[151.1744782,-33.8718297],[151.1743655,-33.8717758],[151.1742928,-33.8718485],[151.174143,-33.8717478],[151.1741832,-33.8717048],[151.1740529,-33.8716149],[151.1740116,-33.8716548],[151.1738032,-33.871518],[151.1737641,-33.8714878],[151.1736358,-33.8713977],[151.1735409,-33.8713669],[151.1735193,-33.8712946],[151.1735075,-33.8712548],[151.1735002,-33.8712301],[151.1735278,-33.8712245],[151.1735562,-33.8712187],[151.1736096,-33.8711791],[151.1736997,-33.8710456],[151.1737506,-33.8710324],[151.1740824,-33.8709462],[151.175995,-33.8704484],[151.1761781,-33.8704004],[151.1768387,-33.8702271],[151.1772513,-33.8701189],[151.1777511,-33.8699878],[151.1778487,-33.8699622],[151.1794296,-33.8695476],[151.1801666,-33.8693543],[151.1802537,-33.8693888],[151.1805442,-33.8695039],[151.1809268,-33.8696452],[151.1820172,-33.8693558],[151.1819935,-33.8692934],[151.1829934,-33.8690324],[151.1830437,-33.8689061],[151.1833321,-33.8689251],[151.1834046,-33.8688905],[151.1834313,-33.8689757],[151.1835995,-33.8690174],[151.1836604,-33.8688429],[151.1841469,-33.8689666],[151.1841681,-33.868912],[151.1842362,-33.86893],[151.1844129,-33.868507],[151.1850245,-33.8686694],[151.1850331,-33.8686439],[151.185074,-33.8685228],[151.185086,-33.8684874],[151.1846421,-33.8683732],[151.1846969,-33.868224],[151.1847395,-33.8681078],[151.1851867,-33.868221],[151.185212,-33.8681634],[151.1852402,-33.8680993],[151.1852866,-33.8679937],[151.1852527,-33.8679453],[151.1850935,-33.8678787],[151.1852191,-33.8677712],[151.1852396,-33.8677536],[151.1854672,-33.8675586],[151.1856692,-33.8676247],[151.1875133,-33.8636764],[151.1873679,-33.8636313],[151.1873449,-33.8636241],[151.1867641,-33.8634438],[151.1867379,-33.8635184],[151.1867944,-33.8635378],[151.1867841,-33.8635568],[151.1867594,-33.863576],[151.1867165,-33.8635828],[151.1866876,-33.863571],[151.1866555,-33.8635639],[151.186622,-33.8635613],[151.1865764,-33.863563],[151.1865125,-33.8635902],[151.1826584,-33.865361],[151.1826046,-33.8652732],[151.1825897,-33.8652531],[151.1825672,-33.8652227],[151.1804388,-33.8662044],[151.180456,-33.8662257],[151.1794665,-33.8666846],[151.179323,-33.866454],[151.1804731,-33.8650071],[151.1807005,-33.8648559],[151.1807642,-33.8648926],[151.1813563,-33.8641877],[151.1813787,-33.8641605],[151.1815815,-33.8639186],[151.1816698,-33.8638239],[151.1817624,-33.8637355],[151.1830043,-33.863158],[151.1850785,-33.8621736],[151.1860859,-33.8616952],[151.1861242,-33.8616774],[151.1862806,-33.8616049],[151.1868458,-33.8613428],[151.1912104,-33.8612167],[151.1912085,-33.8611656],[151.1912062,-33.8611473],[151.1912044,-33.861125],[151.1911078,-33.8611278],[151.1911031,-33.8610521],[151.1914983,-33.8605904],[151.191668,-33.8606362],[151.1916717,-33.8606258],[151.1916902,-33.8605684],[151.1916933,-33.860557],[151.1917147,-33.8604959],[151.1916956,-33.8604876],[151.1916993,-33.8604766],[151.1917065,-33.8604522],[151.1917631,-33.8604746],[151.1918398,-33.8604635],[151.1924031,-33.8605988],[151.1924351,-33.8604877],[151.1917419,-33.8603159],[151.1914387,-33.8601565],[151.1913265,-33.8601376],[151.1902941,-33.8601807],[151.1902399,-33.8600262],[151.1902296,-33.8599954],[151.1902276,-33.8599802],[151.1902126,-33.8599409],[151.1901926,-33.8598281],[151.1901955,-33.8596132],[151.1902272,-33.8592474],[151.190248,-33.8592321],[151.1902745,-33.8592125],[151.1902949,-33.8591968],[151.190317,-33.85918],[151.1903863,-33.8591087],[151.1904059,-33.8590888],[151.1904251,-33.859069],[151.1904449,-33.8590487],[151.1907743,-33.8587164],[151.1910478,-33.8588105],[151.1913901,-33.8589194],[151.191601,-33.8590773],[151.1916035,-33.8591563],[151.19162,-33.8591913],[151.1916241,-33.8592009],[151.1916291,-33.8592127],[151.1916428,-33.8592528],[151.1918509,-33.8594634],[151.1919467,-33.8595603],[151.1919558,-33.8595698],[151.1919646,-33.859579],[151.1920567,-33.8596804],[151.192039,-33.8596951],[151.1920623,-33.8597157],[151.1921074,-33.8596836],[151.1921106,-33.8596298],[151.1921252,-33.8596321],[151.1921635,-33.859637],[151.1922468,-33.8596624],[151.1923831,-33.8596806],[151.1924862,-33.8596781],[151.1927293,-33.8596704],[151.192986,-33.859676],[151.1931581,-33.8596447],[151.1933661,-33.859621],[151.1939797,-33.8595218],[151.1941514,-33.8594945],[151.1943101,-33.8594587],[151.1943931,-33.8594312],[151.1944127,-33.8594293],[151.1944302,-33.8594276],[151.1944846,-33.8594223],[151.1945614,-33.8594354],[151.1945915,-33.8594374],[151.1945905,-33.8593881],[151.1946748,-33.8593847],[151.1946808,-33.8594685],[151.1947566,-33.8594758],[151.1947891,-33.859479],[151.194935,-33.8594931],[151.1949448,-33.8594977],[151.1949729,-33.859511],[151.1950843,-33.8595635],[151.1951256,-33.8595829],[151.1951569,-33.8595977],[151.1951936,-33.859615],[151.1953126,-33.859671],[151.1953281,-33.8596784],[151.1954376,-33.8597299],[151.1955041,-33.8597427],[151.1955189,-33.8597193],[151.1956681,-33.859811],[151.1956974,-33.8597799],[151.1957272,-33.8597993],[151.1956978,-33.8598304],[151.1957987,-33.8599136],[151.1960088,-33.8600452],[151.1961076,-33.8600376],[151.196108,-33.8600399],[151.1961535,-33.8600351],[151.1962575,-33.860012],[151.1963422,-33.8599895],[151.1963998,-33.8599541],[151.1964749,-33.8598186],[151.1964999,-33.8597598],[151.1965269,-33.8596731],[151.1965559,-33.8596077],[151.1965679,-33.8595747],[151.1965768,-33.8595409],[151.1965786,-33.8593754],[151.1965763,-33.8592559],[151.1965806,-33.8591795],[151.1965195,-33.8589708],[151.1964611,-33.8587676],[151.1964144,-33.8586211],[151.1962677,-33.8582133],[151.1962459,-33.8581529],[151.1961902,-33.8580338],[151.1961536,-33.8578881],[151.1961091,-33.8577386],[151.1960821,-33.8576604],[151.1960705,-33.8576602],[151.1960297,-33.8575704],[151.1960307,-33.8575473],[151.1960075,-33.8574908],[151.1959831,-33.8574372],[151.1959566,-33.8573667],[151.1959195,-33.8572582],[151.1959047,-33.8572039],[151.1958747,-33.8570941],[151.1958636,-33.8570717],[151.1958506,-33.8570577],[151.195838,-33.8570168],[151.1958346,-33.8569967],[151.1955629,-33.8564652],[151.1954924,-33.8564834],[151.1954779,-33.8564509],[151.195544,-33.8564325],[151.1954558,-33.8562909],[151.1954078,-33.8562138],[151.1953631,-33.8561876],[151.1950775,-33.8560303],[151.1950658,-33.8560442],[151.1949574,-33.85592],[151.1948511,-33.855839],[151.1947928,-33.8558724],[151.1947839,-33.8558604],[151.1947942,-33.8558545],[151.1946986,-33.8557264],[151.194638,-33.8556276],[151.1946219,-33.8556038],[151.1944853,-33.8554026],[151.1944084,-33.8553138],[151.1943289,-33.8552293],[151.1943281,-33.855225],[151.1943382,-33.8552262],[151.1943923,-33.8551984],[151.1943574,-33.8551376],[151.194326,-33.8551541],[151.1942988,-33.8550955],[151.1942338,-33.8550169],[151.1942011,-33.8549762],[151.1941446,-33.8549032],[151.1940841,-33.8548154],[151.1940695,-33.8547942],[151.1939303,-33.8545847],[151.1938589,-33.8544935],[151.1938211,-33.8545131],[151.1937613,-33.8544469],[151.1938004,-33.8543932],[151.1936294,-33.8543128],[151.1935605,-33.8542691],[151.1934186,-33.8542481],[151.193395,-33.8542535],[151.1934024,-33.8542658],[151.1933076,-33.8542998],[151.1933048,-33.8542936],[151.1933017,-33.8542868],[151.193212,-33.8543179],[151.1930178,-33.8543963],[151.1928037,-33.8545148],[151.1927599,-33.8545455],[151.1926714,-33.8546034],[151.1926539,-33.8545846],[151.192404,-33.8547419],[151.1923988,-33.8547453],[151.1923926,-33.8547494],[151.1922492,-33.8548443],[151.1919653,-33.8550247],[151.191829,-33.8551055],[151.1918451,-33.855127],[151.1917902,-33.8551585],[151.1917852,-33.8551613],[151.1917797,-33.8551643],[151.1916652,-33.8552294],[151.1916586,-33.8552332],[151.1915144,-33.8553157],[151.1915075,-33.8553195],[151.1915007,-33.8553231],[151.1914213,-33.8553692],[151.1913983,-33.8553821],[151.191385,-33.8553675],[151.1913806,-33.8553717],[151.1913752,-33.8553769],[151.1912059,-33.8554919],[151.1910857,-33.8555474],[151.19114,-33.8556095],[151.1911818,-33.8556623],[151.1911053,-33.855704],[151.1910635,-33.8556513],[151.1910055,-33.8555758],[151.1909898,-33.8555843],[151.1909296,-33.8556193],[151.1908674,-33.8556565],[151.1908879,-33.8556848],[151.1908792,-33.8556905],[151.1908693,-33.8556969],[151.1908521,-33.8556705],[151.1906357,-33.8557804],[151.1904695,-33.8558739],[151.1904421,-33.8558401],[151.1902038,-33.8559785],[151.1900755,-33.8560586],[151.1899881,-33.8561076],[151.189545,-33.8565337],[151.1894707,-33.8566009],[151.1890717,-33.8567565],[151.1890522,-33.8567572],[151.1889346,-33.8567572],[151.1889321,-33.8567853],[151.1888208,-33.856773],[151.1888143,-33.8567723],[151.1888063,-33.8567714],[151.1887483,-33.8567672],[151.1887019,-33.8567392],[151.1885604,-33.8566914],[151.1884721,-33.8565344],[151.1881305,-33.8562556],[151.1880937,-33.8562909],[151.1879936,-33.8562288],[151.1879643,-33.8562069],[151.1878945,-33.8561608],[151.1878836,-33.8561629],[151.1878772,-33.8561689],[151.1878681,-33.8561627],[151.1879005,-33.8561313],[151.1879724,-33.8560615],[151.1878942,-33.8560036],[151.1878621,-33.8559759],[151.1878474,-33.8559887],[151.1877438,-33.8559053],[151.1877615,-33.8558895],[151.1876669,-33.8558141],[151.1878865,-33.8556241],[151.187836,-33.8555837],[151.187593,-33.8553863],[151.1875459,-33.8553473],[151.1875141,-33.855374],[151.1874884,-33.8553534],[151.1874091,-33.8554213],[151.1873614,-33.8553852],[151.1873522,-33.8553936],[151.1873423,-33.8553862],[151.1873323,-33.8554019],[151.1873217,-33.855409],[151.1872422,-33.8553451],[151.1872649,-33.8553256],[151.1872,-33.8552735],[151.1871492,-33.8552397],[151.187117,-33.8552133],[151.1871061,-33.855206],[151.187098,-33.8551978],[151.1870582,-33.855164],[151.1870419,-33.8551494],[151.1869824,-33.8550994],[151.186912,-33.8550771],[151.1868282,-33.8551461],[151.1868052,-33.8551282],[151.1868785,-33.8550665],[151.1868103,-33.8550449],[151.1867942,-33.855065],[151.1866952,-33.8551365],[151.1866703,-33.8551149],[151.1867614,-33.8550461],[151.1867731,-33.8550338],[151.1865739,-33.8549659],[151.186536,-33.8550012],[151.186502,-33.8549862],[151.186535,-33.8549631],[151.1864094,-33.8549217],[151.1863779,-33.8549208],[151.1862704,-33.8550097],[151.1861723,-33.8549704],[151.1861425,-33.8549124],[151.1861274,-33.8548666],[151.1861731,-33.8548347],[151.1861142,-33.854816],[151.1860322,-33.8547686],[151.1858908,-33.8545443],[151.1860017,-33.8544407],[151.1849291,-33.85365],[151.1848006,-33.8537731],[151.1847687,-33.8537489],[151.1847503,-33.8537231],[151.18469,-33.8537534],[151.1846477,-33.853692],[151.1845745,-33.8536943],[151.1844567,-33.8535336],[151.1845192,-33.853493],[151.184466,-33.8534263],[151.1845169,-33.8533991],[151.1845818,-33.8534091],[151.1846359,-33.8533667],[151.1846504,-33.8533549],[151.1847221,-33.8532917],[151.1847343,-33.8532782],[151.1847396,-33.8532719],[151.1847827,-33.8532748],[151.185514,-33.8528692],[151.1859833,-33.8530934],[151.1864414,-33.853472],[151.1865161,-33.8535001],[151.1866197,-33.8535125],[151.1866884,-33.8534829],[151.1867385,-33.8531531],[151.1867828,-33.8531314],[151.1870001,-33.8531662],[151.1870125,-33.8531314],[151.1873195,-33.8531867],[151.1874769,-33.8532363],[151.1877903,-33.8532428],[151.1879448,-33.853287],[151.1882627,-33.8532831],[151.1883368,-33.853225],[151.1884106,-33.8532285],[151.1884357,-33.8532174],[151.1895642,-33.8528391],[151.1900235,-33.8524904],[151.1900281,-33.8524641],[151.190101,-33.8524359],[151.1903836,-33.8522107],[151.1903976,-33.8521908],[151.1904062,-33.8521686],[151.1904175,-33.8520613],[151.1904499,-33.8519576],[151.1904703,-33.8519227],[151.1905101,-33.8518492],[151.1905364,-33.8517715],[151.1904689,-33.8517514],[151.1903786,-33.8517387],[151.1903111,-33.8517191],[151.1901476,-33.8517642],[151.1890307,-33.851672],[151.188944,-33.8517011],[151.1887402,-33.8517668],[151.188555,-33.8518265],[151.1879478,-33.8518118],[151.1879455,-33.8518106],[151.1877811,-33.8517503],[151.187765,-33.8517426],[151.1876701,-33.8516968],[151.1875695,-33.8516266],[151.187554,-33.8516155],[151.1875097,-33.8515836],[151.1874697,-33.8515648],[151.1874543,-33.851557],[151.187372,-33.8515091],[151.1873586,-33.8515009],[151.1873533,-33.8514982],[151.1873144,-33.8515416],[151.1872739,-33.8515258],[151.1872526,-33.8515175],[151.1872149,-33.8514951],[151.1871926,-33.8514314],[151.1872345,-33.8514219],[151.1872222,-33.8513986],[151.1872104,-33.8513806],[151.1871965,-33.8513686],[151.1871013,-33.8513275],[151.1870854,-33.8513206],[151.1870507,-33.8513055],[151.1870187,-33.8513763],[151.1869575,-33.8513421],[151.1870048,-33.8512794],[151.186997,-33.851276],[151.1869869,-33.8512664],[151.1869514,-33.8512565],[151.1869306,-33.8512508],[151.1869246,-33.8512491],[151.1868436,-33.8512714],[151.1868085,-33.8512509],[151.1867898,-33.8512399],[151.1867665,-33.8512729],[151.1867017,-33.8512493],[151.1866811,-33.8512418],[151.1865833,-33.8512062],[151.1865506,-33.8511901],[151.1865698,-33.8511467],[151.1865795,-33.8511188],[151.1865247,-33.8510887],[151.1865104,-33.8511092],[151.1863835,-33.8510483],[151.1863624,-33.8510356],[151.1863474,-33.8510265],[151.1860939,-33.8508736],[151.1860724,-33.8509045],[151.186,-33.8508529],[151.185962,-33.8508386],[151.1858865,-33.8508217],[151.1858531,-33.8508156],[151.1858089,-33.8508163],[151.1858057,-33.8508163],[151.1857902,-33.8508151],[151.1857465,-33.8508119],[151.1856253,-33.8507915],[151.1856256,-33.8508561],[151.1855622,-33.8508273],[151.1855761,-33.8508018],[151.1854949,-33.8507912],[151.1853613,-33.8506781],[151.1852276,-33.850565],[151.1850969,-33.8504113],[151.185034,-33.8503573],[151.1847216,-33.8500889],[151.1843233,-33.8498],[151.184299,-33.8498178],[151.1841516,-33.8497456],[151.1839438,-33.849652],[151.1836325,-33.8495419],[151.1830061,-33.8495777],[151.1829153,-33.8495971],[151.1828341,-33.8496144],[151.1827533,-33.8495775],[151.1825765,-33.8494241],[151.1824358,-33.8492614],[151.1823994,-33.8492189],[151.1823828,-33.849186],[151.1823392,-33.8491171],[151.1822815,-33.848985],[151.1822494,-33.8488604],[151.1822176,-33.8487114],[151.1822165,-33.8486317],[151.1822198,-33.848557],[151.1822282,-33.8484878],[151.1822402,-33.8484301],[151.1824366,-33.8483109],[151.1824516,-33.8483082],[151.1825011,-33.8482927],[151.1826907,-33.8482448],[151.1831102,-33.8481407],[151.1830758,-33.8480538],[151.1831962,-33.8480318],[151.1832301,-33.8481139],[151.1834122,-33.8480644],[151.1836017,-33.847999],[151.1837251,-33.8479824],[151.1838909,-33.8479628],[151.1840379,-33.8479476],[151.1844226,-33.847921],[151.1845379,-33.8479136],[151.1845924,-33.8478753],[151.184595,-33.8478806],[151.1846308,-33.847867],[151.1846689,-33.8479241],[151.1848378,-33.8478348],[151.1847907,-33.8477636],[151.1849724,-33.8476797],[151.1849395,-33.8476317],[151.1849759,-33.8475886],[151.1850757,-33.8474708],[151.1850848,-33.84746],[151.1851062,-33.8474486],[151.1852596,-33.8473664],[151.1852501,-33.84735],[151.185371,-33.8472913],[151.1853904,-33.8473153],[151.1856408,-33.847205],[151.18573,-33.8471866],[151.1857624,-33.8471805],[151.185784,-33.8471759],[151.1860044,-33.8471402],[151.1865006,-33.8470954],[151.1868734,-33.8469845],[151.186854,-33.8469187],[151.1866538,-33.8468023],[151.1867196,-33.846742],[151.1869323,-33.8468631],[151.1869393,-33.8468576],[151.1867743,-33.8467045],[151.186566,-33.8465998],[151.1864196,-33.8465103],[151.186342,-33.8464845],[151.186253,-33.846542],[151.1861814,-33.8464993],[151.1861659,-33.8465084],[151.1861303,-33.8465251],[151.1861015,-33.846517],[151.1861501,-33.8464954],[151.1859503,-33.8463683],[151.1859097,-33.8463858],[151.1858602,-33.8463293],[151.1858103,-33.8463516],[151.1857256,-33.8462941],[151.1858425,-33.8462463],[151.1856734,-33.8461257],[151.1854868,-33.8459892],[151.1853698,-33.8459934],[151.1852737,-33.8460251],[151.1851066,-33.8461216],[151.1851459,-33.8461864],[151.185085,-33.8462069],[151.1850492,-33.8461539],[151.1850123,-33.8461858],[151.1849766,-33.8462554],[151.1848958,-33.8463289],[151.1849044,-33.8463413],[151.1849606,-33.8464226],[151.1847987,-33.8465745],[151.1846739,-33.8467132],[151.1845473,-33.8466602],[151.1842667,-33.8469014],[151.1843012,-33.8469853],[151.1841332,-33.8471064],[151.1840844,-33.8471291],[151.1840327,-33.8471531],[151.1839671,-33.8471505],[151.1836774,-33.8472918],[151.183641,-33.8472391],[151.1831568,-33.8474457],[151.1830225,-33.8475187],[151.1826884,-33.847657],[151.1819843,-33.8477628],[151.18182,-33.8477455],[151.1818408,-33.8478205],[151.1816944,-33.8478315],[151.1816834,-33.8478428],[151.1816724,-33.8478434],[151.1816415,-33.8477251],[151.1815545,-33.8477135],[151.1814397,-33.8477047],[151.1814541,-33.8477534],[151.1813974,-33.8477517],[151.1813775,-33.8477546],[151.1813321,-33.8477529],[151.1813369,-33.8478209],[151.1813121,-33.8478213],[151.1812973,-33.8477514],[151.1812733,-33.8477521],[151.181255,-33.8476996],[151.1810978,-33.8476984],[151.1807804,-33.8477593],[151.1805461,-33.8480473],[151.1803759,-33.8482445],[151.1804244,-33.8482732],[151.1803577,-33.8483493],[151.1803079,-33.8483154],[151.1799466,-33.8488709],[151.1798669,-33.8488356],[151.1792448,-33.8494957],[151.1792023,-33.8496326],[151.1790454,-33.8496966],[151.1784375,-33.850465],[151.1783954,-33.8505289],[151.1784369,-33.8505666],[151.1784313,-33.8505728],[151.1784125,-33.8505926],[151.1783892,-33.8506173],[151.1783366,-33.8506751],[151.1783097,-33.8507031],[151.1781778,-33.8508378],[151.1781601,-33.850858],[151.1782027,-33.8509043],[151.1780086,-33.851163],[151.1779401,-33.8513107],[151.1778767,-33.8514228],[151.1776816,-33.8515939],[151.1776763,-33.8515987],[151.1776435,-33.8516233],[151.1776577,-33.8516365],[151.1775314,-33.8517266],[151.1775238,-33.8517321],[151.1775163,-33.8517373],[151.1773654,-33.8518118],[151.177358,-33.8518152],[151.1773168,-33.8518323],[151.177269,-33.8518522],[151.1772729,-33.8518595],[151.1765271,-33.8521532],[151.1765053,-33.8521617],[151.1764851,-33.8521702],[151.1761072,-33.8523182],[151.1761021,-33.85231],[151.1760573,-33.8523275],[151.1760166,-33.8523434],[151.1756852,-33.8524834],[151.1757037,-33.852494],[151.1756515,-33.852519],[151.1755812,-33.8525527],[151.1752578,-33.8527371],[151.1751443,-33.8528792],[151.1750754,-33.8529243],[151.1750797,-33.8529681],[151.1750377,-33.852978],[151.1750114,-33.8529934],[151.1749512,-33.8530219],[151.1748674,-33.8530524],[151.1747913,-33.8530596],[151.1747738,-33.8530322],[151.1745093,-33.8531085],[151.1741364,-33.8533321],[151.1741279,-33.853336],[151.1741209,-33.8533392],[151.1736226,-33.8535419],[151.1734991,-33.8531848],[151.1734908,-33.8531599],[151.1726765,-33.8533472],[151.1726848,-33.8533719],[151.1727579,-33.8535791],[151.1727187,-33.8536338],[151.1726591,-33.8536517],[151.1725201,-33.853582],[151.1724745,-33.853436],[151.17214,-33.8531873],[151.1718085,-33.8528613],[151.1716869,-33.8527827],[151.1715696,-33.8527556],[151.1714606,-33.8527622],[151.1713828,-33.8527923],[151.1713238,-33.8528524],[151.1712856,-33.8529448],[151.171307,-33.8530286],[151.1714987,-33.8533681],[151.1715075,-33.853534],[151.171474,-33.8535931],[151.1714271,-33.853641],[151.1713721,-33.8537267],[151.1713815,-33.8537713],[151.1713986,-33.8538663],[151.1713894,-33.8539175],[151.1713847,-33.8539302],[151.1713775,-33.8540142],[151.1713836,-33.8542581],[151.1713823,-33.8542814],[151.1713816,-33.8543282],[151.171374,-33.8545086],[151.1713384,-33.8545677],[151.1713196,-33.8545963],[151.1711941,-33.8547136],[151.1711837,-33.8547246],[151.1711307,-33.8547642],[151.1710951,-33.8548481],[151.170927,-33.8549092],[151.1709385,-33.8549216],[151.1708596,-33.854958],[151.1707512,-33.8549619],[151.1705033,-33.854905],[151.170501,-33.8549139],[151.1704989,-33.8549216],[151.1704457,-33.8549095],[151.1704484,-33.854901],[151.1704509,-33.8548929],[151.1704104,-33.8548831],[151.170393,-33.8549489],[151.1703703,-33.8549444],[151.1703468,-33.8549397],[151.1703639,-33.8548747],[151.1694463,-33.8546623],[151.168883,-33.8548872],[151.1687989,-33.8549251],[151.1687192,-33.854966],[151.1686532,-33.8550693],[151.1686684,-33.8551323],[151.1686926,-33.8553873],[151.1687167,-33.8557626],[151.1687341,-33.8559453],[151.1690253,-33.856348],[151.1690674,-33.8564116],[151.1691148,-33.856518],[151.1691277,-33.8565431],[151.1692264,-33.8565351],[151.1692577,-33.8566204],[151.1692612,-33.8566312],[151.1692628,-33.856642],[151.1692855,-33.8567262],[151.1692656,-33.8567262],[151.1692672,-33.8568211],[151.1692764,-33.8568475],[151.1692793,-33.8568633],[151.1693173,-33.8569799],[151.1693203,-33.8569969],[151.1693497,-33.857089],[151.1693671,-33.8572962],[151.1693403,-33.8574721],[151.1693604,-33.8576347],[151.1693199,-33.8577347],[151.1692993,-33.8577956],[151.1692949,-33.8578085],[151.1692773,-33.8578605],[151.1692397,-33.857863],[151.1691619,-33.858059],[151.1682554,-33.8582951],[151.1682218,-33.8583163],[151.1676691,-33.8583959],[151.1676518,-33.8583981],[151.167629,-33.858397],[151.1673963,-33.8583914],[151.1669226,-33.8586257],[151.1662439,-33.8588902],[151.166222,-33.8589002],[151.1661973,-33.858909],[151.1661666,-33.8589222],[151.1661376,-33.8589324],[151.1660381,-33.8590578],[151.1658471,-33.8591443],[151.165791,-33.8591808],[151.1657134,-33.8592544],[151.1656844,-33.859298],[151.1643872,-33.8599441],[151.1640234,-33.8601389],[151.1638598,-33.8602294],[151.1635842,-33.8601376],[151.1633153,-33.8604196],[151.1632975,-33.8604932],[151.1632878,-33.8605329],[151.163286,-33.8606006],[151.1629271,-33.8610813],[151.1628679,-33.861556],[151.1628304,-33.8616771],[151.1628113,-33.8617758],[151.1628077,-33.8617946],[151.1627958,-33.8618563],[151.1627803,-33.8618573],[151.1627529,-33.8619514],[151.1626858,-33.86205],[151.1624899,-33.862242],[151.1622307,-33.862408],[151.1619642,-33.8625186],[151.1616822,-33.8625745],[151.161213,-33.8625793],[151.161076,-33.8625752],[151.1610728,-33.8625753],[151.1608132,-33.8625352],[151.1603627,-33.8623723],[151.1601959,-33.8622902],[151.1599439,-33.8621661],[151.1596011,-33.8621186],[151.1594012,-33.8624097],[151.1592926,-33.8626741],[151.1591716,-33.8628155],[151.1589445,-33.8630389],[151.1588948,-33.8630123],[151.1588484,-33.8630674],[151.1588968,-33.8630962],[151.1590209,-33.8631896],[151.1591799,-33.863444],[151.1592691,-33.8636566],[151.159145,-33.8638498],[151.1589511,-33.8641043],[151.1587649,-33.8643297],[151.1584546,-33.8645713],[151.1582529,-33.8646711],[151.157931,-33.8648096],[151.1577875,-33.8648354],[151.1573686,-33.8648547],[151.1573104,-33.8648708],[151.1570699,-33.8650705],[151.1567596,-33.8652798],[151.1563911,-33.8654956],[151.1560576,-33.8656567],[151.1557153,-33.865769],[151.1553322,-33.8658789],[151.1553039,-33.8658845],[151.1551223,-33.8659201],[151.1551189,-33.8659074],[151.1551129,-33.865885],[151.1550057,-33.8658283],[151.1549728,-33.8657055],[151.155077,-33.8656863],[151.1550645,-33.8656396],[151.1547451,-33.8656986],[151.1547576,-33.8657452],[151.154867,-33.865725],[151.1549001,-33.8658486],[151.1548326,-33.8659367],[151.1548386,-33.8659591],[151.1547985,-33.8659681],[151.1546535,-33.8659723],[151.1540949,-33.8659723],[151.1533269,-33.8661752],[151.1532222,-33.8662364],[151.1528925,-33.8665037],[151.1526947,-33.8667485],[151.1524464,-33.8670802],[151.1521982,-33.8674989],[151.1518685,-33.8681527],[151.1518608,-33.8682815],[151.1518724,-33.8687034],[151.1518724,-33.8701172],[151.1518653,-33.8705219],[151.1517961,-33.8708211],[151.1516731,-33.8712094],[151.1515156,-33.8715478],[151.1513849,-33.871776],[151.1513772,-33.8717895],[151.1512828,-33.8719544],[151.15122,-33.8720373],[151.1509602,-33.8721954],[151.1506028,-33.8721007],[151.1497978,-33.8736915],[151.1496897,-33.8738816],[151.1493581,-33.8744644],[151.1485346,-33.8758406],[151.1476576,-33.8773549],[151.146842,-33.8787777],[151.1460187,-33.8801985],[151.1453266,-33.8813764],[151.1449646,-33.88198],[151.1448894,-33.8821758],[151.1448627,-33.882334],[151.1448331,-33.8826367],[151.1448465,-33.8838904],[151.1447713,-33.8840396],[151.14476,-33.8842648],[151.1447526,-33.8846252],[151.1446991,-33.8858611],[151.1446319,-33.8865468],[151.1446078,-33.8869075],[151.1446533,-33.8870988],[151.1447661,-33.8873663],[151.1449216,-33.8877379],[151.1448466,-33.8882057],[151.1449405,-33.8889249],[151.1449727,-33.8895572],[151.1449753,-33.889645],[151.1449574,-33.8897249],[151.1449363,-33.8899478],[151.1449588,-33.8902433],[151.1449434,-33.8903805],[151.1446037,-33.8910579],[151.1445414,-33.8912467],[151.1445194,-33.891462],[151.1445229,-33.8919573],[151.1444991,-33.8920762],[151.1443313,-33.8923957],[151.144193,-33.892518],[151.144117,-33.8926673],[151.1432736,-33.8936731],[151.1432056,-33.8936635],[151.143155,-33.8937803],[151.1430173,-33.8939968],[151.1429978,-33.894082],[151.1430094,-33.8941672],[151.1431924,-33.8944859],[151.1432214,-33.8946277],[151.143196,-33.8947245],[151.1429554,-33.895187],[151.1429279,-33.8952811],[151.1428036,-33.8955363],[151.1424339,-33.8962393],[151.1424265,-33.8963312],[151.1423699,-33.896642]]]}},{"type":"Feature","properties":{"name":"South","zoneId":3},"geometry":{"type":"Polygon","coordinates":[[[151.1801958,-33.9041293],[151.1802169,-33.9041689],[151.1802293,-33.9041922],[151.1803816,-33.9045073],[151.1806499,-33.9050528],[151.1807082,-33.9051698],[151.1808693,-33.9055141],[151.1809072,-33.9055934],[151.1809496,-33.905682],[151.1810319,-33.9058591],[151.1810485,-33.9058927],[151.1810618,-33.9059188],[151.181374,-33.9066052],[151.1813865,-33.9066303],[151.1814166,-33.9066908],[151.1814961,-33.9069177],[151.1814961,-33.907049],[151.1814875,-33.9071585],[151.181447,-33.9073012],[151.1812051,-33.9085295],[151.1811782,-33.90885],[151.1811876,-33.9093431],[151.18125,-33.9135673],[151.1814636,-33.9136871],[151.1824858,-33.9142645],[151.1839106,-33.9151031],[151.1843909,-33.915398],[151.184763,-33.9156626],[151.1849468,-33.9158172],[151.1851543,-33.9160261],[151.1853854,-33.9162654],[151.1858098,-33.9167387],[151.1861842,-33.9171729],[151.1859886,-33.9172701],[151.1859629,-33.9172829],[151.1858328,-33.9173475],[151.1854308,-33.9175379],[151.1850845,-33.9176814],[151.1821653,-33.9185662],[151.1821209,-33.9185796],[151.1819335,-33.918649],[151.1819041,-33.9186603],[151.1817693,-33.9187119],[151.1815613,-33.9187888],[151.1814048,-33.9188467],[151.181175,-33.9189621],[151.1809889,-33.9190626],[151.1808828,-33.9191226],[151.1808391,-33.9191537],[151.1806849,-33.9192632],[151.1820639,-33.9194522],[151.1821997,-33.9194115],[151.1859356,-33.919984],[151.1887811,-33.920394],[151.190209,-33.9205914],[151.1905111,-33.9206287],[151.1908184,-33.9206725],[151.1914242,-33.9207587],[151.1916252,-33.9207878],[151.1917763,-33.92081],[151.1918868,-33.9208248],[151.1919167,-33.920829],[151.192848,-33.9209544],[151.1934627,-33.9210346],[151.1936018,-33.9210534],[151.1940735,-33.921117],[151.1944989,-33.9211744],[151.1951205,-33.9212582],[151.1956691,-33.9213435],[151.196214,-33.9214235],[151.1962426,-33.9214256],[151.1963696,-33.9214474],[151.196288,-33.9215761],[151.1962815,-33.9216073],[151.1961564,-33.9222079],[151.1960665,-33.9226393],[151.195939,-33.9232514],[151.1958269,-33.9238362],[151.1954802,-33.9254596],[151.1954647,-33.9255382],[151.195543,-33.9255491],[151.1956431,-33.9255631],[151.1956697,-33.9255668],[151.196667,-33.9257016],[151.1980619,-33.9258938],[151.1981376,-33.9259042],[151.1982653,-33.9259223],[151.1983783,-33.9259243],[151.1984731,-33.925937],[151.1990622,-33.9260183],[151.1999602,-33.9261467],[151.2007253,-33.9262437],[151.2007565,-33.9262478],[151.2008485,-33.9262598],[151.2009501,-33.9262743],[151.2009853,-33.9262793],[151.2013904,-33.926337],[151.2018316,-33.9263959],[151.2022427,-33.9264512],[151.2028162,-33.9265272],[151.2031779,-33.9265792],[151.2034457,-33.9266168],[151.2037179,-33.9266527],[151.2041694,-33.9267144],[151.205158,-33.9268432],[151.2056588,-33.9269133],[151.20604,-33.9269635],[151.2060666,-33.926967],[151.2061553,-33.9269812],[151.2061391,-33.9270592],[151.2061345,-33.9270837],[151.2060953,-33.9272853],[151.2058902,-33.9283016],[151.2058328,-33.9285626],[151.2057278,-33.929056],[151.2055959,-33.9296454],[151.2055644,-33.929799],[151.2055258,-33.929982],[151.2054265,-33.9304652],[151.2052979,-33.9310232],[151.2052835,-33.9310776],[151.2052501,-33.9311927],[151.2052419,-33.9312407],[151.2051937,-33.9315241],[151.2049268,-33.9328775],[151.2049139,-33.9329427],[151.2038236,-33.9331203],[151.2027066,-33.9333044],[151.2016277,-33.9334713],[151.2013179,-33.9335253],[151.2011001,-33.9345955],[151.2018672,-33.934888],[151.2025258,-33.9350005],[151.20406,-33.9351773],[151.204494,-33.9352866],[151.2056136,-33.9352962],[151.2062723,-33.9353251],[151.2067108,-33.9353859],[151.2070686,-33.9353795],[151.2077326,-33.9354063],[151.2076094,-33.9357404],[151.2081037,-33.935933],[151.2088952,-33.9362582],[151.2095492,-33.9366273],[151.210663,-33.9372761],[151.2117599,-33.9378922],[151.213211,-33.9386755],[151.2139781,-33.9391227],[151.2141138,-33.9392275],[151.2141365,-33.9391789],[151.2143512,-33.9390877],[151.2150864,-33.9386606],[151.2159514,-33.9379977],[151.2167896,-33.9373941],[151.2174766,-33.9368723],[151.2184958,-33.9361557],[151.2186881,-33.9360135],[151.2194746,-33.933437],[151.2201966,-33.9305625],[151.2200743,-33.9291373],[151.2206841,-33.9277314],[151.2213288,-33.9280247],[151.221659,-33.9281575],[151.2238694,-33.9291203],[151.2239238,-33.9291977],[151.2239573,-33.9292551],[151.2241277,-33.9295508],[151.2226207,-33.9319731],[151.2241189,-33.9325293],[151.225584,-33.9328114],[151.2258241,-33.932539],[151.2259202,-33.9325603],[151.2259659,-33.9325704],[151.2268376,-33.9327535],[151.2270866,-33.9328106],[151.2270932,-33.932768],[151.2270997,-33.9327259],[151.2271064,-33.9326731],[151.2271144,-33.9326119],[151.2271245,-33.9325585],[151.2271506,-33.9324834],[151.2271915,-33.9324016],[151.2272358,-33.9323376],[151.2273357,-33.9322419],[151.2274249,-33.9321846],[151.2275328,-33.9321273],[151.2276495,-33.9320872],[151.2277615,-33.9320616],[151.2278681,-33.9320522],[151.2279922,-33.9320511],[151.2281404,-33.9320717],[151.2283194,-33.9321073],[151.2285836,-33.9321651],[151.2288833,-33.9322386],[151.2290557,-33.9322625],[151.2291643,-33.9322608],[151.2292501,-33.9322475],[151.2293353,-33.9322241],[151.2294131,-33.9321896],[151.2295002,-33.9321356],[151.2295888,-33.932065],[151.2296585,-33.9319993],[151.2296998,-33.9319542],[151.229737,-33.9319114],[151.2297681,-33.9318771],[151.2297919,-33.931854],[151.2298167,-33.9318234],[151.2298385,-33.9317851],[151.229902,-33.9320084],[151.2301994,-33.9330755],[151.2302621,-33.933276],[151.2303078,-33.9334675],[151.2303338,-33.9335684],[151.2303439,-33.9336015],[151.2303646,-33.9336972],[151.2304581,-33.9336857],[151.2304846,-33.9336883],[151.2305361,-33.9336933],[151.230955,-33.9337589],[151.2311551,-33.9337858],[151.2324801,-33.9339756],[151.2325589,-33.933989],[151.2335134,-33.9341213],[151.2338895,-33.9341775],[151.2358431,-33.9344405],[151.2363015,-33.934503],[151.23716,-33.9346162],[151.237375,-33.9346374],[151.2374049,-33.9346423],[151.2374833,-33.9346662],[151.2375959,-33.9346973],[151.2377489,-33.9347197],[151.2376098,-33.9340876],[151.2378734,-33.9328307],[151.2379387,-33.9328421],[151.237999,-33.9328502],[151.2380338,-33.9328549],[151.2396302,-33.9330693],[151.2417099,-33.9333487],[151.2432263,-33.9335497],[151.2458074,-33.9339136],[151.2467488,-33.9340516],[151.2481284,-33.9342305],[151.2481452,-33.9342327],[151.2481986,-33.9342415],[151.2489,-33.933338],[151.248984,-33.933217],[151.2494916,-33.9324352],[151.249736,-33.932237],[151.2503692,-33.9317278],[151.251121,-33.9311233],[151.25083,-33.93057],[151.25017,-33.929075],[151.248436,-33.928321],[151.2478149,-33.9282361],[151.2459903,-33.9279869],[151.2460084,-33.9278832],[151.2460243,-33.9278041],[151.2461205,-33.92726],[151.2462488,-33.9266554],[151.2462616,-33.9265952],[151.2466143,-33.9266439],[151.246788,-33.9258147],[151.2469431,-33.925094],[151.2468549,-33.9250737],[151.246879,-33.9249859],[151.2472643,-33.9236986],[151.2482449,-33.9240311],[151.2484947,-33.9236961],[151.2496945,-33.9238876],[151.2497281,-33.9237408],[151.2489895,-33.923001],[151.2477689,-33.9217642],[151.2477931,-33.9217121],[151.247798,-33.9217032],[151.2478044,-33.9216942],[151.2478125,-33.9216847],[151.2478238,-33.9216741],[151.2478543,-33.9216474],[151.2478635,-33.9216391],[151.2478697,-33.9216313],[151.247874,-33.9216221],[151.2478765,-33.9216148],[151.2478782,-33.9216072],[151.2478788,-33.9215529],[151.2478936,-33.921463],[151.2479497,-33.9211457],[151.2480544,-33.9206281],[151.2481596,-33.9200613],[151.2482263,-33.9196713],[151.2482313,-33.9196467],[151.2482475,-33.9195676],[151.2482634,-33.9194879],[151.2482686,-33.919462],[151.2483507,-33.9190728],[151.2483691,-33.9189842],[151.248522,-33.9182576],[151.2485578,-33.9180979],[151.2486586,-33.9176671],[151.2486701,-33.9176022],[151.2487012,-33.9174438],[151.248708,-33.9174009],[151.2487207,-33.9173424],[151.2488079,-33.916939],[151.2488315,-33.9168286],[151.2488947,-33.9165514],[151.2493129,-33.9146131],[151.249319,-33.9145852],[151.249334,-33.9145166],[151.2493506,-33.91444],[151.2493552,-33.9144186],[151.2496555,-33.9130326],[151.2496688,-33.9129256],[151.2496677,-33.9128169],[151.2495833,-33.9122499],[151.2495611,-33.912099],[151.2495602,-33.9120406],[151.2495689,-33.9119788],[151.2495909,-33.9119296],[151.2496257,-33.911877],[151.2496856,-33.9118183],[151.2497579,-33.9117632],[151.249845,-33.9116919],[151.2506954,-33.9109682],[151.2508703,-33.9108137],[151.2509501,-33.9108445],[151.2514956,-33.911055],[151.2520381,-33.9115401],[151.2527458,-33.9120162],[151.2525981,-33.9127637],[151.2525924,-33.9128068],[151.2526211,-33.9128497],[151.2527171,-33.9129366],[151.2533076,-33.9130256],[151.2534595,-33.9129804],[151.2539443,-33.912735],[151.2539773,-33.9126848],[151.2540173,-33.912417],[151.254204,-33.9124292],[151.2540817,-33.912245],[151.2541206,-33.9120384],[151.2542153,-33.9115849],[151.2542219,-33.9115542],[151.2542326,-33.9115021],[151.2542402,-33.9114674],[151.2542478,-33.9114328],[151.2543321,-33.9110492],[151.2545263,-33.9101655],[151.2546283,-33.9096808],[151.254809,-33.9088772],[151.2549259,-33.9083452],[151.254945,-33.9082133],[151.2548923,-33.9080935],[151.2548098,-33.9079228],[151.2541952,-33.9067745],[151.2539103,-33.9062372],[151.2538108,-33.9060536],[151.253785,-33.906013],[151.2537551,-33.9059813],[151.2536998,-33.9059406],[151.2537334,-33.9058975],[151.2537488,-33.9058482],[151.2538576,-33.9053295],[151.2539199,-33.9050375],[151.2538337,-33.905025],[151.2532812,-33.9049445],[151.2527497,-33.904865],[151.2527157,-33.9048622],[151.252643,-33.9048742],[151.2528223,-33.9041043],[151.2528297,-33.9040729],[151.2528478,-33.903997],[151.2527679,-33.903981],[151.2527229,-33.9039753],[151.2524288,-33.9039358],[151.2523212,-33.9039207],[151.2521583,-33.9038974],[151.2448776,-33.9027636],[151.2427665,-33.9024365],[151.2426342,-33.9024438],[151.2415837,-33.902743],[151.2419415,-33.9009105],[151.2418388,-33.9008858],[151.241766,-33.9008235],[151.2417538,-33.9007343],[151.2418718,-33.9001197],[151.2423487,-33.8977353],[151.2423463,-33.8975605],[151.2422445,-33.897431],[151.2412224,-33.8969497],[151.2410916,-33.8969025],[151.2409978,-33.8967475],[151.2409763,-33.896549],[151.2408418,-33.8947325],[151.2408554,-33.8945931],[151.2412486,-33.8929557],[151.2418982,-33.8903152],[151.2419015,-33.890201],[151.2418288,-33.8901391],[151.2413867,-33.8900379],[151.2411197,-33.8899655],[151.2409055,-33.8899282],[151.2402619,-33.8900083],[151.2394639,-33.8903384],[151.239171,-33.8904387],[151.2375839,-33.8907459],[151.2374098,-33.8907575],[151.2370059,-33.8907303],[151.236491,-33.8906632],[151.2353316,-33.8902721],[151.233914,-33.8897487],[151.2336335,-33.8896431],[151.2335487,-33.8896615],[151.2330613,-33.8897495],[151.2329014,-33.8897896],[151.2328052,-33.8898135],[151.2324478,-33.889893],[151.2321163,-33.8899323],[151.2313743,-33.8899183],[151.2306613,-33.8898758],[151.2299775,-33.8897835],[151.229316,-33.8896245],[151.2290247,-33.8895453],[151.2289851,-33.8896358],[151.2287542,-33.8895617],[151.2282939,-33.8894067],[151.2279904,-33.8892885],[151.2275237,-33.8890783],[151.2273046,-33.888963],[151.2270044,-33.8888253],[151.226063,-33.8882774],[151.2259066,-33.8882009],[151.2256374,-33.8880693],[151.2254051,-33.8879755],[151.2245185,-33.8876545],[151.2240542,-33.8875169],[151.2234955,-33.8873683],[151.2224353,-33.8871655],[151.2223505,-33.887149],[151.2215348,-33.8869901],[151.2211211,-33.8869221],[151.220724,-33.8868827],[151.2204133,-33.8868392],[151.2196821,-33.8867829],[151.2189151,-33.8867447],[151.2182507,-33.885516],[151.2181443,-33.8858476],[151.2181147,-33.8863996],[151.2179715,-33.886559],[151.217909,-33.8870153],[151.2178633,-33.8873963],[151.2176858,-33.8886224],[151.2172533,-33.8905416],[151.2168722,-33.892],[151.2168452,-33.8921062],[151.2167361,-33.8920837],[151.2166546,-33.8920692],[151.2166215,-33.8920648],[151.2163575,-33.8920293],[151.216277,-33.8920193],[151.2160464,-33.8919866],[151.2158034,-33.8919544],[151.2149095,-33.8918321],[151.2145806,-33.8917866],[151.2145485,-33.8917813],[151.2144709,-33.8917722],[151.2144098,-33.8917647],[151.2143633,-33.8917608],[151.2143359,-33.891757],[151.2140039,-33.8917103],[151.2136278,-33.8916583],[151.21346,-33.8916365],[151.2132357,-33.8916043],[151.212914,-33.8915607],[151.2128776,-33.8915564],[151.2127306,-33.8915339],[151.2125344,-33.8915085],[151.2125021,-33.891503],[151.2123877,-33.8914874],[151.2121706,-33.891457],[151.2119206,-33.8914227],[151.2117645,-33.8913986],[151.2116691,-33.8913734],[151.2115691,-33.8913391],[151.2111589,-33.8911815],[151.2108571,-33.8910667],[151.210824,-33.891053],[151.2107581,-33.8910258],[151.2106341,-33.8909797],[151.2106034,-33.8909682],[151.2102902,-33.8908517],[151.2100818,-33.8907718],[151.2095553,-33.89057],[151.2092731,-33.8904613],[151.2092443,-33.8904511],[151.2091704,-33.8904249],[151.2090786,-33.8903897],[151.209048,-33.8903781],[151.208318,-33.8901037],[151.2080383,-33.8899929],[151.2080147,-33.8899836],[151.2079186,-33.8899475],[151.2078245,-33.8899106],[151.2077858,-33.8899025],[151.2077248,-33.8898934],[151.2074127,-33.8898466],[151.2070097,-33.8898028],[151.2069336,-33.8897933],[151.2068329,-33.8897783],[151.2065246,-33.8897376],[151.2062073,-33.8896931],[151.2061734,-33.8896883],[151.2060848,-33.8896759],[151.2059875,-33.8896634],[151.2059661,-33.8896606],[151.2059463,-33.889658],[151.2057099,-33.8896189],[151.2049209,-33.8895123],[151.2046789,-33.8894778],[151.204647,-33.8894733],[151.2045545,-33.8894619],[151.2044064,-33.8894408],[151.2043722,-33.8894363],[151.2040119,-33.8893887],[151.2029488,-33.8892424],[151.2029123,-33.8892364],[151.2028761,-33.8892309],[151.2028242,-33.8892226],[151.202716,-33.8892033],[151.2025486,-33.8891808],[151.2023939,-33.8891589],[151.2022401,-33.8891386],[151.2020703,-33.8891143],[151.2018609,-33.8890594],[151.2018073,-33.8890435],[151.2017705,-33.8890325],[151.2017217,-33.8890176],[151.2016247,-33.8889889],[151.2015192,-33.888969],[151.2012989,-33.8889658],[151.2011305,-33.8889407],[151.2009851,-33.8889163],[151.2004942,-33.8888346],[151.2003708,-33.8888167],[151.199814,-33.888742],[151.1988648,-33.8886064],[151.1988363,-33.8886023],[151.1988234,-33.8886363],[151.1987752,-33.8887422],[151.198139,-33.889372],[151.19761,-33.890135],[151.196425,-33.891045],[151.196438,-33.891134],[151.1965277,-33.8912837],[151.196467,-33.89128],[151.196594,-33.891682],[151.1966501,-33.8918261],[151.1966919,-33.8918889],[151.1967959,-33.892173],[151.1973978,-33.8922115],[151.1975639,-33.8921698],[151.1977925,-33.8920805],[151.1978343,-33.8920642],[151.198521,-33.89157],[151.1985399,-33.891573],[151.1988333,-33.8916172],[151.1991678,-33.8916621],[151.1994564,-33.8917093],[151.1995445,-33.8917413],[151.1996226,-33.8918132],[151.1994972,-33.892067],[151.1989733,-33.893039],[151.1985738,-33.8930051],[151.1986082,-33.8927984],[151.1981147,-33.8927545],[151.1978825,-33.8928606],[151.1975557,-33.894909],[151.1975243,-33.8949694],[151.1974291,-33.8950832],[151.197327,-33.8955634],[151.197271,-33.8959479],[151.1972636,-33.8960435],[151.1972597,-33.8961197],[151.1972534,-33.896242],[151.1972467,-33.8964185],[151.197249,-33.8964613],[151.1972561,-33.8964979],[151.1974144,-33.8969739],[151.1974242,-33.8970034],[151.1974428,-33.8970594],[151.1974636,-33.897122],[151.1973419,-33.897156],[151.1973085,-33.8971653],[151.1969996,-33.8972515],[151.1966316,-33.8973453],[151.1959677,-33.8975028],[151.1957047,-33.8975605],[151.1956662,-33.8975689],[151.1955039,-33.8975878],[151.1953319,-33.8976013],[151.195304,-33.8976025],[151.195168,-33.8976085],[151.1949569,-33.8976154],[151.1940277,-33.8976548],[151.1932162,-33.8976731],[151.1930121,-33.897658],[151.1928711,-33.8976617],[151.1926644,-33.8976806],[151.1922029,-33.8976913],[151.1921163,-33.8976933],[151.1915597,-33.8977058],[151.1914376,-33.8977149],[151.1912711,-33.897739],[151.1912636,-33.8977401],[151.1912379,-33.8977435],[151.1911141,-33.8977598],[151.1909,-33.8977882],[151.1907819,-33.8978066],[151.1906841,-33.8978356],[151.1903004,-33.8979759],[151.1900354,-33.8980686],[151.1899948,-33.8980795],[151.1899553,-33.8980868],[151.1894808,-33.8981372],[151.1893817,-33.8981525],[151.1891222,-33.8982266],[151.1889891,-33.898266],[151.1888308,-33.8983122],[151.1887431,-33.8983408],[151.1886424,-33.8983737],[151.1880965,-33.8985968],[151.1878787,-33.8986826],[151.1872361,-33.8989358],[151.1870682,-33.899018],[151.1868484,-33.8991002],[151.186615,-33.8991875],[151.1864729,-33.8992488],[151.1863925,-33.8992858],[151.1863558,-33.8993019],[151.1862008,-33.8993336],[151.1860213,-33.8994145],[151.1859705,-33.8995347],[151.1858574,-33.8999508],[151.1857998,-33.8999414],[151.1853974,-33.8998778],[151.1853609,-33.8998624],[151.1856769,-33.899137],[151.1856432,-33.8986818],[151.1859848,-33.8986436],[151.1860847,-33.8984919],[151.185995,-33.8976422],[151.1856384,-33.8976791],[151.1855273,-33.8976906],[151.1855134,-33.8974777],[151.1855077,-33.8974449],[151.1854989,-33.8974121],[151.185489,-33.8973817],[151.1854805,-33.8973599],[151.1854729,-33.8973513],[151.1854523,-33.897334],[151.1854305,-33.8973198],[151.1853942,-33.8972962],[151.1854137,-33.8972636],[151.1854291,-33.8972319],[151.1854357,-33.8971935],[151.185433,-33.8971553],[151.1854145,-33.8971008],[151.1853113,-33.8968652],[151.1852772,-33.8967873],[151.184621,-33.8970383],[151.184061,-33.8972082],[151.1840525,-33.8971815],[151.1834772,-33.8973458],[151.1829273,-33.897468],[151.1828444,-33.8974737],[151.1828207,-33.8974343],[151.1824366,-33.8975467],[151.1823266,-33.8975453],[151.1823063,-33.8975158],[151.1820322,-33.8975972],[151.1820102,-33.8975816],[151.1813503,-33.897579],[151.1811856,-33.8976295],[151.1814685,-33.8979106],[151.1815001,-33.8979433],[151.1815881,-33.898024],[151.1816614,-33.8980948],[151.1818487,-33.8982804],[151.18201,-33.8984366],[151.1820841,-33.8985212],[151.1821271,-33.8985644],[151.182575,-33.8989856],[151.1825465,-33.8990108],[151.1825199,-33.8990343],[151.1824533,-33.8992281],[151.1823975,-33.8993968],[151.1823879,-33.8994258],[151.182291,-33.8997194],[151.1818174,-33.9011528],[151.1817972,-33.9012141],[151.1816339,-33.9017082],[151.1816454,-33.9017268],[151.181592,-33.9018039],[151.1816019,-33.9018248],[151.1815989,-33.9018482],[151.1814737,-33.9021928],[151.1812955,-33.9027339],[151.1809248,-33.9038946],[151.1807653,-33.9039438],[151.1803121,-33.9040914],[151.1802801,-33.9041018],[151.1801958,-33.9041293]]]}},{"type":"Feature","properties":{"name":"City North","zoneId":4},"geometry":{"type":"Polygon","coordinates":[[[151.1746743,-33.8277729],[151.1747251,-33.8277994],[151.1747279,-33.8278899],[151.1748453,-33.8279547],[151.1750783,-33.8279891],[151.1751911,-33.8280944],[151.1749733,-33.8283143],[151.175152,-33.8284311],[151.1755428,-33.8290213],[151.1759239,-33.8292547],[151.1761548,-33.8295294],[151.1765468,-33.8301716],[151.1767497,-33.8307535],[151.1769666,-33.8309845],[151.1775396,-33.8311879],[151.1776842,-33.8313063],[151.1779569,-33.8315298],[151.1783463,-33.8319827],[151.1786189,-33.8324833],[151.1786286,-33.832501],[151.1786613,-33.8325026],[151.1792896,-33.8325342],[151.1795301,-33.8324844],[151.1798809,-33.8324118],[151.1800474,-33.8325773],[151.1802451,-33.8324382],[151.180426,-33.832244],[151.1802075,-33.8321006],[151.1802701,-33.8316454],[151.18017,-33.8311186],[151.1798696,-33.8306472],[151.1803036,-33.8304732],[151.1805928,-33.8303053],[151.1807948,-33.8302028],[151.1811177,-33.8299044],[151.1816215,-33.829534],[151.1820883,-33.8297554],[151.1820184,-33.8298394],[151.1819849,-33.8299003],[151.1819361,-33.8299422],[151.1818932,-33.829965],[151.1818522,-33.8300006],[151.181829,-33.8300853],[151.1818044,-33.8301711],[151.1817456,-33.8302118],[151.1816756,-33.8302409],[151.181651,-33.830263],[151.181639,-33.830315],[151.1816719,-33.8304505],[151.1816243,-33.8305194],[151.1815986,-33.8305573],[151.181563,-33.830565],[151.181541,-33.830612],[151.181521,-33.830659],[151.181505,-33.830707],[151.181493,-33.830756],[151.181485,-33.830806],[151.181479,-33.830855],[151.181469,-33.830955],[151.181455,-33.831083],[151.18145,-33.831147],[151.181451,-33.83121],[151.181463,-33.831271],[151.181478,-33.831314],[151.181497,-33.831356],[151.18152,-33.831398],[151.181571,-33.831478],[151.181596,-33.831513],[151.181653,-33.831581],[151.181679,-33.831615],[151.1817,-33.831651],[151.181722,-33.831709],[151.181738,-33.831768],[151.181749,-33.831797],[151.181765,-33.831831],[151.1817828,-33.8318618],[151.181821,-33.831928],[151.181838,-33.831961],[151.181864,-33.832028],[151.181886,-33.832095],[151.181895,-33.832129],[151.181906,-33.832197],[151.18191,-33.832232],[151.181912,-33.832266],[151.181912,-33.8323],[151.181904,-33.832372],[151.181885,-33.832444],[151.181837,-33.832587],[151.181819,-33.832659],[151.181806,-33.83273],[151.181796,-33.832802],[151.181793,-33.832838],[151.181792,-33.832917],[151.181793,-33.832957],[151.181799,-33.833036],[151.181804,-33.833082],[151.18181,-33.833127],[151.181817,-33.833172],[151.181826,-33.833217],[151.181838,-33.833262],[151.181877,-33.83336],[151.181929,-33.833457],[151.181994,-33.83355],[151.182065,-33.83364],[151.1821522,-33.8337004],[151.1822206,-33.8337549],[151.1822873,-33.8338174],[151.1823051,-33.8338347],[151.1823659,-33.8338937],[151.1824461,-33.8339541],[151.1825082,-33.8339933],[151.1825288,-33.8340102],[151.1825414,-33.8340208],[151.1825834,-33.8340561],[151.182656,-33.834077],[151.182732,-33.834096],[151.1827321,-33.834096],[151.18281,-33.83411],[151.1828857,-33.8341218],[151.182959,-33.834127],[151.183106,-33.834121],[151.183177,-33.834123],[151.183243,-33.834137],[151.183305,-33.834166],[151.1833635,-33.8342029],[151.183416,-33.834256],[151.1835674,-33.8343733],[151.1837043,-33.8344749],[151.1839067,-33.8347108],[151.1840652,-33.8348955],[151.1841436,-33.8350355],[151.1841985,-33.8351459],[151.1842268,-33.8352303],[151.1842687,-33.8354059],[151.184275,-33.835487],[151.1842849,-33.8355622],[151.184289,-33.835593],[151.1843,-33.835645],[151.184313,-33.83569],[151.1843326,-33.835742],[151.184347,-33.83578],[151.184361,-33.835825],[151.184371,-33.835871],[151.184375,-33.835912],[151.184376,-33.835953],[151.184375,-33.835995],[151.184372,-33.836036],[151.184366,-33.836077],[151.184348,-33.836153],[151.1843389,-33.8361785],[151.184321,-33.836229],[151.184285,-33.836303],[151.184242,-33.836373],[151.1842749,-33.8364548],[151.1842567,-33.8365767],[151.184168,-33.8366893],[151.184013,-33.836766],[151.1840151,-33.8368581],[151.1839373,-33.8368726],[151.183896,-33.836922],[151.183766,-33.837068],[151.1837388,-33.8370933],[151.183623,-33.837201],[151.18352,-33.837283],[151.1835361,-33.8373287],[151.1834811,-33.8373534],[151.1834191,-33.8373891],[151.1833534,-33.8373803],[151.183293,-33.837433],[151.1831864,-33.8375157],[151.1831303,-33.8375596],[151.18305,-33.837563],[151.1829459,-33.8376413],[151.1828793,-33.8376885],[151.182783,-33.837669],[151.1826451,-33.8377443],[151.1825228,-33.8378362],[151.1823765,-33.8378345],[151.182301,-33.8378386],[151.1822471,-33.837923],[151.1820534,-33.8380412],[151.1819367,-33.8380762],[151.1818573,-33.8381085],[151.1817032,-33.8381933],[151.1815421,-33.838263],[151.1813867,-33.8383652],[151.1813562,-33.8384439],[151.1812503,-33.8385182],[151.1810738,-33.838677],[151.1808341,-33.8388307],[151.180666,-33.8389299],[151.180603,-33.8390042],[151.1805313,-33.838974],[151.1804831,-33.8390401],[151.1804646,-33.8391225],[151.1802764,-33.8391671],[151.1802052,-33.8392418],[151.1801414,-33.8393357],[151.1800224,-33.8394466],[151.1798959,-33.8395957],[151.1797705,-33.839758],[151.1797124,-33.8398782],[151.1796145,-33.8399221],[151.1795961,-33.8399933],[151.1794118,-33.8401334],[151.1795208,-33.8404832],[151.1795606,-33.8405628],[151.1795965,-33.8406268],[151.179665,-33.84076],[151.179819,-33.840928],[151.179867,-33.840986],[151.179899,-33.841032],[151.179928,-33.841078],[151.179989,-33.84117],[151.180023,-33.841213],[151.180062,-33.841254],[151.180104,-33.841293],[151.180192,-33.841369],[151.180259,-33.84143],[151.180307,-33.841475],[151.180353,-33.841522],[151.18039,-33.841563],[151.18046,-33.841649],[151.1804902,-33.8416834],[151.180496,-33.84169],[151.180538,-33.841726],[151.180588,-33.841757],[151.180645,-33.841782],[151.180703,-33.841806],[151.180758,-33.841832],[151.1807834,-33.8418502],[151.180804,-33.841865],[151.180836,-33.841903],[151.1808549,-33.8419362],[151.180861,-33.841947],[151.180883,-33.841993],[151.180906,-33.842038],[151.180934,-33.84208],[151.180975,-33.842127],[151.18102,-33.842173],[151.181068,-33.842216],[151.181118,-33.842257],[151.181163,-33.842272],[151.181214,-33.842284],[151.181261,-33.842291],[151.181311,-33.842294],[151.181359,-33.842293],[151.181379,-33.84229],[151.181438,-33.842278],[151.181458,-33.842276],[151.181489,-33.84228],[151.181519,-33.842289],[151.18155,-33.842301],[151.181581,-33.842311],[151.181611,-33.842315],[151.181715,-33.842289],[151.1819279,-33.8421569],[151.1819418,-33.8421457],[151.1819514,-33.8421659],[151.1820458,-33.8420968],[151.1820296,-33.8420787],[151.182263,-33.8418175],[151.1824583,-33.841544],[151.182313,-33.8414823],[151.1823351,-33.8414502],[151.1824591,-33.8415043],[151.1824729,-33.8414813],[151.1824784,-33.8414723],[151.1824818,-33.8414665],[151.1824431,-33.8413979],[151.1824027,-33.8413261],[151.1823638,-33.8413116],[151.1823947,-33.8412721],[151.1824801,-33.8412574],[151.1825248,-33.8413717],[151.1826163,-33.8413515],[151.1830667,-33.8413256],[151.1830737,-33.8413196],[151.1832593,-33.8415149],[151.1832681,-33.8415699],[151.1832258,-33.8416441],[151.183319,-33.841687],[151.183362,-33.841699],[151.183408,-33.841719],[151.183453,-33.841742],[151.183496,-33.841767],[151.183579,-33.841821],[151.183628,-33.841857],[151.183674,-33.841896],[151.183806,-33.842017],[151.183882,-33.842082],[151.183905,-33.842105],[151.183925,-33.842129],[151.183939,-33.842169],[151.183941,-33.842216],[151.183941,-33.842263],[151.183945,-33.842306],[151.183964,-33.842341],[151.18399,-33.842363],[151.184022,-33.842384],[151.184057,-33.842401],[151.184093,-33.842413],[151.184127,-33.842416],[151.18415,-33.842414],[151.184172,-33.84241],[151.184203,-33.842402],[151.184242,-33.842384],[151.184262,-33.842377],[151.184282,-33.842373],[151.184319,-33.842377],[151.184358,-33.842392],[151.184399,-33.842414],[151.184439,-33.842438],[151.184478,-33.842458],[151.1845229,-33.8424786],[151.1845748,-33.8424804],[151.1845703,-33.8425179],[151.185175,-33.8427529],[151.1855569,-33.8428953],[151.185683,-33.8429432],[151.1856983,-33.842911],[151.1855827,-33.8428761],[151.1856122,-33.8428301],[151.1856308,-33.842801],[151.1857362,-33.8428382],[151.1858015,-33.8428809],[151.1858081,-33.8429106],[151.1857819,-33.8429683],[151.185817,-33.842979],[151.185902,-33.842988],[151.185944,-33.842994],[151.185984,-33.843003],[151.186051,-33.843024],[151.186072,-33.843032],[151.186094,-33.843041],[151.1865325,-33.8432403],[151.1869419,-33.8434264],[151.18697,-33.843428],[151.187008,-33.843424],[151.187083,-33.843413],[151.187119,-33.843405],[151.187173,-33.84339],[151.187226,-33.843371],[151.187277,-33.843349],[151.187327,-33.843325],[151.1874289,-33.8432639],[151.1875053,-33.8431996],[151.1875681,-33.8431296],[151.1876047,-33.8430748],[151.1876135,-33.8430601],[151.1876203,-33.8430426],[151.1876252,-33.843026],[151.1876323,-33.8429904],[151.187636,-33.8429655],[151.187638,-33.842943],[151.187636,-33.842899],[151.187627,-33.842848],[151.18761,-33.842796],[151.187588,-33.842746],[151.187561,-33.842697],[151.187531,-33.84265],[151.187509,-33.842618],[151.187485,-33.842587],[151.187459,-33.842558],[151.187403,-33.842501],[151.1869842,-33.8421547],[151.186917,-33.8420899],[151.1868733,-33.8420493],[151.186884,-33.8420425],[151.1864067,-33.8415407],[151.1864146,-33.8415353],[151.1864177,-33.8415156],[151.1863936,-33.8414885],[151.1863785,-33.8414854],[151.1863628,-33.8414951],[151.1863069,-33.8414395],[151.1862851,-33.8413707],[151.1862014,-33.8411089],[151.1862739,-33.8410924],[151.1862662,-33.8410658],[151.1862049,-33.8410784],[151.1861981,-33.841059],[151.1862571,-33.8410253],[151.1862222,-33.8409813],[151.186163,-33.8410162],[151.1858965,-33.8406914],[151.1859221,-33.8406789],[151.1858726,-33.8406218],[151.1858494,-33.8406357],[151.1857548,-33.8405229],[151.185749,-33.840516],[151.1857432,-33.8405092],[151.185682,-33.8404332],[151.1857144,-33.8404141],[151.1856853,-33.8403819],[151.1856555,-33.8404004],[151.1856314,-33.8403705],[151.1855874,-33.8402851],[151.1856251,-33.8402723],[151.185606,-33.8402389],[151.1855702,-33.8402516],[151.1854805,-33.8400775],[151.18549,-33.8400449],[151.1855162,-33.8400387],[151.1854986,-33.8400005],[151.1854803,-33.8400071],[151.1854027,-33.8398433],[151.1853961,-33.8398293],[151.185344,-33.8397193],[151.1852278,-33.8394861],[151.1851985,-33.8394319],[151.1851916,-33.8394191],[151.1851112,-33.8392702],[151.1850686,-33.8390958],[151.1850657,-33.8390837],[151.1850508,-33.8390228],[151.1850119,-33.838861],[151.1850284,-33.8387592],[151.1850693,-33.8386709],[151.1851554,-33.8385784],[151.1852375,-33.8385219],[151.1854042,-33.8384523],[151.1854621,-33.8384618],[151.1855852,-33.8384389],[151.1857901,-33.8383189],[151.1861358,-33.838118],[151.1861521,-33.8381376],[151.186179,-33.8381239],[151.1861609,-33.8381034],[151.1862251,-33.8380661],[151.1861945,-33.8380279],[151.1863394,-33.8379422],[151.1865688,-33.8374518],[151.1869125,-33.8368767],[151.1869833,-33.8366255],[151.1870084,-33.8365975],[151.1870081,-33.8365393],[151.187018,-33.8365388],[151.1870265,-33.8365385],[151.1870271,-33.8364661],[151.1870272,-33.8364586],[151.1870278,-33.8363926],[151.1870098,-33.8363948],[151.1870193,-33.8362455],[151.1871191,-33.8362442],[151.1871202,-33.8361915],[151.1870186,-33.8361933],[151.1870174,-33.8353613],[151.1870298,-33.8352792],[151.1871607,-33.8350804],[151.1873059,-33.8348817],[151.1875043,-33.8346421],[151.1876741,-33.8345062],[151.1881241,-33.8343329],[151.1883613,-33.8342259],[151.1884902,-33.8341018],[151.1886538,-33.8338538],[151.1889743,-33.8335292],[151.1891639,-33.8337973],[151.1893598,-33.8340118],[151.1893885,-33.8342089],[151.1893087,-33.834389],[151.1891226,-33.8345623],[151.1888178,-33.8348171],[151.1884558,-33.835247],[151.1883555,-33.8355409],[151.1883944,-33.8359469],[151.1885704,-33.8363583],[151.1887443,-33.8365961],[151.1888527,-33.8368425],[151.188865,-33.8370599],[151.1886113,-33.8369903],[151.1886093,-33.8372757],[151.1887402,-33.8372876],[151.1888506,-33.8373504],[151.188817,-33.8375588],[151.1887851,-33.8379602],[151.1887847,-33.8379611],[151.1886645,-33.838272],[151.1885682,-33.8385006],[151.1885355,-33.838582],[151.188535,-33.8385823],[151.1882287,-33.8387909],[151.188059,-33.8391239],[151.1877931,-33.8394229],[151.1875599,-33.8396319],[151.1875435,-33.8399037],[151.1876683,-33.8401059],[151.1879363,-33.8403998],[151.1883494,-33.8406206],[151.1889364,-33.8408075],[151.1891042,-33.8408058],[151.1892173,-33.8408729],[151.1892187,-33.8408737],[151.1894212,-33.841047],[151.1894263,-33.8410479],[151.1895603,-33.8410727],[151.1895685,-33.8410742],[151.1896503,-33.8409876],[151.18964,-33.8408075],[151.1895439,-33.8405272],[151.1895316,-33.840393],[151.1895725,-33.8400532],[151.1895514,-33.8397954],[151.1895132,-33.8397209],[151.1893926,-33.8394858],[151.1894028,-33.8393329],[151.1894188,-33.8392331],[151.1894314,-33.8391545],[151.1894682,-33.8386635],[151.1895378,-33.8384019],[151.1896012,-33.8383271],[151.189926,-33.8380672],[151.1900259,-33.8379569],[151.1900978,-33.8378813],[151.1901398,-33.8378294],[151.1902758,-33.8377939],[151.1903857,-33.8378103],[151.1904783,-33.8377729],[151.1905971,-33.8377758],[151.1907394,-33.8377729],[151.1908631,-33.8377813],[151.1909561,-33.8377834],[151.1910811,-33.8378136],[151.1911521,-33.837775],[151.1912362,-33.8378333],[151.1913097,-33.8378639],[151.1913786,-33.8379713],[151.1912899,-33.8381503],[151.1913984,-33.8383557],[151.1914997,-33.8386272],[151.191611,-33.8388531],[151.1918482,-33.8389888],[151.1920869,-33.8390285],[151.1922879,-33.8389636],[151.192405,-33.838769],[151.1924325,-33.8382716],[151.1924383,-33.8379605],[151.1923833,-33.8378392],[151.1924296,-33.837695],[151.192379,-33.8375581],[151.1924645,-33.8373707],[151.1924814,-33.8373807],[151.1925095,-33.8373973],[151.1925456,-33.8373776],[151.1925923,-33.8373992],[151.1925807,-33.8374332],[151.1926651,-33.8374996],[151.1929772,-33.8377451],[151.1929798,-33.8377471],[151.1930855,-33.8378303],[151.1931671,-33.8377634],[151.1931889,-33.8377442],[151.1932546,-33.8376869],[151.1932744,-33.8377025],[151.1932942,-33.8377182],[151.1938649,-33.838164],[151.1939211,-33.8381121],[151.1939307,-33.8381033],[151.1941062,-33.838214],[151.1941295,-33.8382349],[151.1941369,-33.8382409],[151.1941483,-33.8382501],[151.194218,-33.83837],[151.194349,-33.838511],[151.194429,-33.83865],[151.194334,-33.838861],[151.194268,-33.838912],[151.194141,-33.839148],[151.193949,-33.839243],[151.193932,-33.839267],[151.193939,-33.839333],[151.194239,-33.840817],[151.194381,-33.840993],[151.194546,-33.841826],[151.194599,-33.841849],[151.194497,-33.841944],[151.194362,-33.842182],[151.19436,-33.842235],[151.194209,-33.842438],[151.19411,-33.842519],[151.194087,-33.842638],[151.194023,-33.842724],[151.193917,-33.842742],[151.193871,-33.842768],[151.193815,-33.84284],[151.193755,-33.842954],[151.1936217,-33.8432395],[151.193587,-33.8434008],[151.1934102,-33.8442127],[151.1932861,-33.844764],[151.193241,-33.8449792],[151.1932346,-33.8450074],[151.1932469,-33.8451831],[151.1932631,-33.8451927],[151.193278,-33.845218],[151.193255,-33.845401],[151.193313,-33.845438],[151.19333,-33.845635],[151.19335,-33.845693],[151.193364,-33.84594],[151.193299,-33.846237],[151.193129,-33.84674],[151.193112,-33.846873],[151.193046,-33.846972],[151.193019,-33.847059],[151.193023,-33.847144],[151.192974,-33.847199],[151.192913,-33.847373],[151.192891,-33.847499],[151.1929,-33.847583],[151.192959,-33.847688],[151.193077,-33.847749],[151.193376,-33.84784],[151.193646,-33.847871],[151.193975,-33.847803],[151.194823,-33.847688],[151.195005,-33.847648],[151.195097,-33.847611],[151.19538,-33.847557],[151.19575,-33.847528],[151.196216,-33.847395],[151.196306,-33.847353],[151.196549,-33.847329],[151.196773,-33.84735],[151.196975,-33.847349],[151.197162,-33.847326],[151.197671,-33.847311],[151.198095,-33.847264],[151.198154,-33.847237],[151.198248,-33.847161],[151.198284,-33.847072],[151.198258,-33.846919],[151.198233,-33.846887],[151.198011,-33.846765],[151.197787,-33.846583],[151.197637,-33.8464],[151.197518,-33.846305],[151.197444,-33.846216],[151.197351,-33.846144],[151.19728,-33.846065],[151.197016,-33.845879],[151.196835,-33.845833],[151.196655,-33.845814],[151.196251,-33.845808],[151.196059,-33.84578],[151.195789,-33.845791],[151.195599,-33.845753],[151.19553,-33.845732],[151.195479,-33.845639],[151.195181,-33.845279],[151.195067,-33.845323],[151.195045,-33.845283],[151.19515,-33.845241],[151.19514,-33.84523],[151.195104,-33.845216],[151.19494,-33.845288],[151.194863,-33.845194],[151.194803,-33.844997],[151.195,-33.844954],[151.194933,-33.844776],[151.194885,-33.844581],[151.194903,-33.844465],[151.194929,-33.844437],[151.194844,-33.844423],[151.194892,-33.844226],[151.195018,-33.844247],[151.195041,-33.844173],[151.195106,-33.844188],[151.195278,-33.843976],[151.196187,-33.843796],[151.196511,-33.843797],[151.196844,-33.843817],[151.197117,-33.843796],[151.197269,-33.843805],[151.197579,-33.843708],[151.197775,-33.843591],[151.197896,-33.84341],[151.197915,-33.843369],[151.197902,-33.843341],[151.197969,-33.84323],[151.197971,-33.843181],[151.198008,-33.84316],[151.198002,-33.843063],[151.198017,-33.843029],[151.198098,-33.842988],[151.198115,-33.842921],[151.198159,-33.842931],[151.198165,-33.842906],[151.198158,-33.842859],[151.198072,-33.842784],[151.198079,-33.842724],[151.198041,-33.842593],[151.198007,-33.842539],[151.198051,-33.842257],[151.198141,-33.841986],[151.19813,-33.841842],[151.198143,-33.841748],[151.198123,-33.841707],[151.198139,-33.841648],[151.198088,-33.841395],[151.198124,-33.841392],[151.198217,-33.841294],[151.198327,-33.841225],[151.198413,-33.841195],[151.198637,-33.841162],[151.198839,-33.841156],[151.19905,-33.841171],[151.199091,-33.841194],[151.199069,-33.841208],[151.199081,-33.841226],[151.199124,-33.841222],[151.199162,-33.841257],[151.199255,-33.841378],[151.199392,-33.841469],[151.199591,-33.841792],[151.199616,-33.841823],[151.199678,-33.841854],[151.199709,-33.841903],[151.199803,-33.841998],[151.199794,-33.842053],[151.199956,-33.842239],[151.199868,-33.842251],[151.199864,-33.842262],[151.199915,-33.842338],[151.199899,-33.842501],[151.199959,-33.842505],[151.199951,-33.842584],[151.200012,-33.842588],[151.200003,-33.842665],[151.200122,-33.842673],[151.200114,-33.84275],[151.200177,-33.842755],[151.200319,-33.842981],[151.200272,-33.842985],[151.200269,-33.843001],[151.200335,-33.843001],[151.200339,-33.843158],[151.200419,-33.843437],[151.200312,-33.84383],[151.200123,-33.844038],[151.200062,-33.844137],[151.200112,-33.844137],[151.1999142,-33.8446358],[151.2000212,-33.8448492],[151.2002045,-33.844994],[151.2007457,-33.8453436],[151.2008593,-33.8454798],[151.2008817,-33.8454669],[151.2009018,-33.8454931],[151.2009232,-33.845521],[151.2008993,-33.8455346],[151.2010882,-33.8457147],[151.2012668,-33.8457917],[151.201811,-33.8459044],[151.2018614,-33.8459148],[151.2019815,-33.8460323],[151.2020364,-33.8460861],[151.202253,-33.8463014],[151.2022918,-33.8464105],[151.2022771,-33.8464135],[151.2022649,-33.846416],[151.2022812,-33.8464661],[151.2022965,-33.8465129],[151.2023128,-33.8465629],[151.2023298,-33.8466152],[151.2023464,-33.8466661],[151.2023612,-33.8467113],[151.2023689,-33.8467351],[151.2023829,-33.846778],[151.2023726,-33.8470155],[151.2024803,-33.847004],[151.202485,-33.8470282],[151.2024335,-33.8470344],[151.2024477,-33.8470557],[151.2024483,-33.8470608],[151.202449,-33.8470659],[151.2024549,-33.8470801],[151.202545,-33.8470667],[151.2025566,-33.8470981],[151.2025375,-33.8471009],[151.2025815,-33.8471551],[151.2026231,-33.8472251],[151.2026441,-33.8472799],[151.2026887,-33.8473747],[151.2027457,-33.8474858],[151.202779,-33.8475308],[151.2027986,-33.8475194],[151.2028272,-33.8475543],[151.2028054,-33.8475683],[151.202832,-33.8476074],[151.2028681,-33.8476364],[151.202909,-33.8476975],[151.2029606,-33.8476754],[151.2029859,-33.8477136],[151.2029474,-33.8477293],[151.2030056,-33.847824],[151.2030271,-33.847815],[151.2030524,-33.8477896],[151.2031096,-33.8478114],[151.2031132,-33.8478243],[151.2031144,-33.8478274],[151.2031157,-33.8478305],[151.2031253,-33.8478577],[151.2030629,-33.8478744],[151.2030331,-33.8478824],[151.2030392,-33.8478915],[151.2030412,-33.8478966],[151.2030436,-33.8479026],[151.2030668,-33.8479425],[151.2031231,-33.8479329],[151.2031249,-33.8479372],[151.2031264,-33.847941],[151.2031279,-33.8479446],[151.2031632,-33.8480238],[151.203172,-33.8480627],[151.2031836,-33.8481306],[151.2031841,-33.8481813],[151.2030951,-33.8481641],[151.2030446,-33.8483451],[151.2030101,-33.848439],[151.2029359,-33.8484209],[151.2028599,-33.8485857],[151.2028414,-33.8486248],[151.2028117,-33.8486243],[151.2027937,-33.8486956],[151.202756,-33.848922],[151.202757,-33.8490509],[151.2027568,-33.8491896],[151.202767,-33.849407],[151.2030087,-33.8498832],[151.2032373,-33.8502042],[151.2032673,-33.8502394],[151.2033018,-33.8502617],[151.2034021,-33.8503494],[151.2035601,-33.8504859],[151.2036321,-33.8505168],[151.2037361,-33.8505789],[151.2037993,-33.8506035],[151.2038375,-33.8506136],[151.203892,-33.850603],[151.2040163,-33.8504532],[151.2040272,-33.8504022],[151.2040122,-33.8502846],[151.204001,-33.8502873],[151.2039832,-33.8502371],[151.204014,-33.8502327],[151.2039835,-33.8498129],[151.2039815,-33.8496462],[151.2039969,-33.8494931],[151.2039754,-33.8494783],[151.2040867,-33.8493499],[151.2040161,-33.8493119],[151.2040517,-33.8492149],[151.2040818,-33.8491537],[151.204204,-33.849004],[151.204316,-33.848947],[151.204679,-33.848874],[151.205103,-33.848885],[151.205164,-33.848921],[151.205703,-33.848996],[151.205993,-33.848992],[151.20609,-33.848978],[151.206203,-33.848924],[151.206239,-33.848879],[151.206264,-33.84877],[151.206228,-33.848566],[151.206137,-33.848352],[151.205938,-33.847998],[151.205969,-33.847787],[151.206145,-33.847287],[151.2062,-33.847289],[151.20624,-33.847151],[151.206179,-33.846962],[151.206219,-33.846441],[151.206297,-33.846447],[151.206311,-33.846269],[151.206263,-33.846265],[151.2062764,-33.8460277],[151.2062756,-33.8459431],[151.2062754,-33.8459229],[151.206275,-33.8457782],[151.2062776,-33.8457732],[151.2062797,-33.8457692],[151.2062844,-33.8457634],[151.2062897,-33.8457568],[151.2062951,-33.8457502],[151.2063607,-33.8456689],[151.2063709,-33.8456748],[151.2063993,-33.8456388],[151.2063116,-33.8455859],[151.2062679,-33.8455596],[151.2063217,-33.8454971],[151.2063876,-33.8455248],[151.2064359,-33.8455452],[151.2064392,-33.8455409],[151.2064631,-33.8455104],[151.2064753,-33.845517],[151.2065301,-33.845449],[151.2065369,-33.8454415],[151.2065438,-33.845434],[151.2065904,-33.8453844],[151.2067264,-33.8452787],[151.2068316,-33.8451886],[151.2069234,-33.8450519],[151.2069255,-33.8450446],[151.2069275,-33.8450373],[151.2069342,-33.8449983],[151.2069127,-33.8448847],[151.2069073,-33.8448262],[151.2069059,-33.8448186],[151.2069042,-33.8448098],[151.2068932,-33.8447461],[151.206891,-33.8447322],[151.2068871,-33.8446821],[151.2068854,-33.8446537],[151.2068762,-33.8446534],[151.2068701,-33.8445951],[151.2068638,-33.8445124],[151.2068768,-33.8444993],[151.2068989,-33.8444759],[151.2069409,-33.8444462],[151.2069873,-33.8444183],[151.2070251,-33.8443868],[151.2070646,-33.8443535],[151.2070824,-33.8443216],[151.2071179,-33.8443127],[151.2071115,-33.8442788],[151.2071054,-33.844245],[151.207141,-33.8442577],[151.2072063,-33.8442206],[151.2072824,-33.8441878],[151.2073807,-33.8441554],[151.2074282,-33.8441344],[151.207428,-33.844124],[151.2075914,-33.8441332],[151.2079149,-33.8441414],[151.2079201,-33.8441801],[151.2079311,-33.8441789],[151.2079421,-33.8441775],[151.2079984,-33.8441806],[151.2081438,-33.8441988],[151.2082242,-33.8442125],[151.2083538,-33.8442541],[151.2083467,-33.84427],[151.2083583,-33.8442743],[151.2083711,-33.844279],[151.208443,-33.8443019],[151.2085354,-33.8443415],[151.2086475,-33.8444044],[151.2086351,-33.8444182],[151.2086452,-33.8444242],[151.208657,-33.8444311],[151.2086928,-33.8444493],[151.2087546,-33.8444919],[151.2087942,-33.8445219],[151.2088522,-33.8445727],[151.2089525,-33.8446723],[151.2090645,-33.8447959],[151.2092235,-33.8450304],[151.2092991,-33.8452285],[151.2093296,-33.8454563],[151.2093382,-33.84563],[151.2093683,-33.8462416],[151.2093841,-33.8463763],[151.2093935,-33.8464911],[151.2094003,-33.8465516],[151.2094172,-33.8466859],[151.2094725,-33.8466804],[151.2094922,-33.8466791],[151.2095119,-33.8466777],[151.2095154,-33.8467045],[151.2095243,-33.8467727],[151.2095262,-33.8467876],[151.209529,-33.8468091],[151.2095301,-33.8468172],[151.2095269,-33.8468175],[151.2094932,-33.8468211],[151.2094666,-33.8468236],[151.2094509,-33.8468251],[151.2094803,-33.8470692],[151.2094844,-33.8471031],[151.2094929,-33.8471734],[151.2094972,-33.8472094],[151.2093954,-33.8472179],[151.2093844,-33.8472188],[151.2093781,-33.8473196],[151.2093822,-33.8473474],[151.2093631,-33.847351],[151.2093675,-33.8473611],[151.2095473,-33.8477718],[151.2095834,-33.8478544],[151.2095924,-33.8478749],[151.2095592,-33.8478851],[151.209547,-33.8478888],[151.2094671,-33.8479134],[151.209494,-33.8479748],[151.2095186,-33.8480292],[151.2097043,-33.8484421],[151.2097287,-33.8484963],[151.2097554,-33.8485558],[151.2097802,-33.8485487],[151.2097931,-33.848545],[151.2098076,-33.8485408],[151.2098669,-33.8485245],[151.2098769,-33.8485461],[151.209855,-33.8485522],[151.2099611,-33.8486449],[151.2099701,-33.8486526],[151.2100682,-33.8487364],[151.2100609,-33.8487424],[151.2101132,-33.8487858],[151.2104541,-33.849066],[151.210436,-33.8490809],[151.2104221,-33.8490929],[151.2105157,-33.8491893],[151.2105296,-33.8491781],[151.2105413,-33.8491706],[151.2106638,-33.8492797],[151.2106958,-33.8493121],[151.2107258,-33.8493436],[151.2107393,-33.8493573],[151.2107545,-33.8493801],[151.2107752,-33.84942],[151.2108079,-33.8494509],[151.2108155,-33.8494566],[151.2108302,-33.8494657],[151.2108436,-33.8494699],[151.2108558,-33.8494723],[151.2108612,-33.8494729],[151.2108767,-33.849468],[151.2108894,-33.8494796],[151.2109195,-33.8495116],[151.2109392,-33.8495297],[151.2109435,-33.8495334],[151.2109581,-33.8495472],[151.2109934,-33.8495835],[151.2110965,-33.8496856],[151.2111072,-33.8496966],[151.2111207,-33.8497104],[151.2112699,-33.8498658],[151.2116225,-33.8502101],[151.2117333,-33.8503309],[151.2119207,-33.8504999],[151.2120317,-33.850599],[151.2122072,-33.8507052],[151.212319,-33.8508287],[151.2123863,-33.8508479],[151.2124275,-33.8508659],[151.2124829,-33.8508793],[151.2125819,-33.8508886],[151.2126662,-33.8508857],[151.2127783,-33.8508752],[151.2128143,-33.8508178],[151.2128016,-33.8508111],[151.2128014,-33.8505875],[151.2127976,-33.8501185],[151.212798,-33.8500278],[151.2128017,-33.8499718],[151.2128162,-33.8499266],[151.2128397,-33.8498897],[151.2128749,-33.8498505],[151.212917,-33.8498181],[151.2129646,-33.8497886],[151.2130183,-33.8497591],[151.2130883,-33.8497256],[151.2131505,-33.8496988],[151.2132312,-33.8496652],[151.2132985,-33.8496435],[151.2133598,-33.8496303],[151.2134277,-33.8496186],[151.213501,-33.8496099],[151.2135669,-33.8496053],[151.2136322,-33.8496073],[151.2136858,-33.8496149],[151.2137492,-33.8496278],[151.2137745,-33.8496369],[151.2138433,-33.849669],[151.2139565,-33.8497302],[151.2139703,-33.8497353],[151.2139846,-33.8497404],[151.2139978,-33.8497486],[151.2141319,-33.8498089],[151.2143596,-33.849874],[151.2144762,-33.8499171],[151.214843,-33.8500503],[151.2149057,-33.8499484],[151.2149419,-33.8499618],[151.2148832,-33.8500604],[151.2151099,-33.8501517],[151.2151256,-33.8501266],[151.2151809,-33.8501328],[151.2153352,-33.8501848],[151.215369,-33.8501545],[151.2153818,-33.8501648],[151.2153721,-33.8501748],[151.2154099,-33.8501926],[151.2154221,-33.8502146],[151.2154924,-33.8502375],[151.2155511,-33.8502547],[151.2155732,-33.8502776],[151.2155947,-33.8503009],[151.2156085,-33.8503348],[151.2156242,-33.8503889],[151.2156404,-33.8504231],[151.2156617,-33.8504697],[151.2156159,-33.8505111],[151.2156418,-33.8505354],[151.2157033,-33.8504886],[151.2157422,-33.8505237],[151.215683,-33.8505758],[151.215732,-33.8506239],[151.2157148,-33.8506505],[151.2159115,-33.8508317],[151.2160249,-33.8510544],[151.216174,-33.8513615],[151.2165677,-33.8516248],[151.2169477,-33.851597],[151.2170473,-33.8516189],[151.217089,-33.8516493],[151.2172088,-33.8516995],[151.2175179,-33.8518289],[151.2176302,-33.8519168],[151.2176078,-33.8520081],[151.2176369,-33.852038],[151.2176497,-33.8520491],[151.2177049,-33.852091],[151.2177827,-33.8521345],[151.2177563,-33.8521803],[151.2178381,-33.8522592],[151.2179081,-33.8523201],[151.218009,-33.8523128],[151.2180775,-33.8523159],[151.2181076,-33.8523348],[151.2180682,-33.8524142],[151.2180271,-33.8524767],[151.2181744,-33.8525445],[151.2181862,-33.8525264],[151.218196,-33.8524903],[151.2182052,-33.8524904],[151.2182284,-33.8525167],[151.2182542,-33.8525332],[151.2182448,-33.8525444],[151.2182361,-33.852555],[151.2183818,-33.852644],[151.2184027,-33.8526217],[151.2184471,-33.8526408],[151.2184672,-33.8526673],[151.2185089,-33.8527],[151.2185698,-33.8527113],[151.2186341,-33.8527168],[151.2187123,-33.8527251],[151.2188266,-33.8527489],[151.2188865,-33.852721],[151.2189109,-33.8526769],[151.2188972,-33.8526455],[151.2189337,-33.8525762],[151.2189152,-33.85255],[151.2189034,-33.8525215],[151.2189396,-33.8524326],[151.2189248,-33.8523553],[151.2189747,-33.8521723],[151.2190388,-33.8520488],[151.2191696,-33.851939],[151.2193712,-33.8518678],[151.2195082,-33.8517853],[151.2196669,-33.8516592],[151.2197697,-33.8515331],[151.2198132,-33.8512701],[151.2198166,-33.8510588],[151.2198088,-33.8509279],[151.2197849,-33.8508757],[151.2197227,-33.8506789],[151.2196589,-33.8504691],[151.2196368,-33.8504637],[151.2196228,-33.8503494],[151.2196291,-33.8502439],[151.2196625,-33.8501202],[151.2197502,-33.8499553],[151.2198197,-33.8498561],[151.2198601,-33.8498715],[151.2198642,-33.8498651],[151.2198252,-33.8498484],[151.2198788,-33.8497718],[151.2199142,-33.8497879],[151.2199198,-33.8497789],[151.2199421,-33.8497884],[151.2199361,-33.8497976],[151.2199493,-33.8498034],[151.2199022,-33.8498853],[151.2199111,-33.8498888],[151.2199976,-33.8497372],[151.21991,-33.8497023],[151.2199143,-33.8496964],[151.2199191,-33.849688],[151.2199242,-33.8496793],[151.2200006,-33.8495572],[151.2201307,-33.8493917],[151.2202033,-33.8493779],[151.2202211,-33.8493393],[151.2202945,-33.8493249],[151.2203533,-33.8492544],[151.220358,-33.8491937],[151.2203067,-33.8491859],[151.2202817,-33.8491548],[151.2202973,-33.8491299],[151.2203331,-33.8490879],[151.2202942,-33.8490085],[151.2202133,-33.8488808],[151.219916,-33.8487625],[151.2198926,-33.8486349],[151.2198197,-33.8486438],[151.2197695,-33.8484181],[151.2198092,-33.8483423],[151.2198516,-33.8483362],[151.2198572,-33.8483268],[151.2198709,-33.848305],[151.2198822,-33.8482869],[151.2199291,-33.848252],[151.2199564,-33.8481975],[151.2199829,-33.8481337],[151.2199009,-33.8480888],[151.220146,-33.8480023],[151.2202022,-33.8477728],[151.2201835,-33.8477703],[151.220172,-33.8477686],[151.2201601,-33.8477669],[151.220096,-33.8477566],[151.219768,-33.847559],[151.2197629,-33.847556],[151.2197575,-33.8475527],[151.2197366,-33.8475408],[151.219812,-33.8474518],[151.2197964,-33.8474425],[151.2197196,-33.8475306],[151.2196738,-33.8475031],[151.2197495,-33.8474138],[151.2197457,-33.8474113],[151.2197407,-33.8474086],[151.2197324,-33.8474042],[151.2196724,-33.8474709],[151.2196682,-33.8474757],[151.2196639,-33.8474806],[151.2196555,-33.8474909],[151.2195032,-33.8473952],[151.2194338,-33.8474797],[151.2194113,-33.8474159],[151.2193231,-33.8473867],[151.2192676,-33.8474002],[151.2191945,-33.8473698],[151.2191812,-33.8473643],[151.2191226,-33.8473412],[151.2190175,-33.8472985],[151.2188376,-33.8472212],[151.2188135,-33.8472063],[151.2185683,-33.8470994],[151.2183358,-33.8470244],[151.2180441,-33.8469283],[151.217981,-33.846891],[151.2179647,-33.8468797],[151.2178629,-33.8468044],[151.2174644,-33.8463898],[151.2174532,-33.8463781],[151.2174213,-33.8463446],[151.2173271,-33.8462926],[151.217309,-33.8462814],[151.2173063,-33.8462784],[151.2172175,-33.8462328],[151.2172023,-33.8462233],[151.21708,-33.8461632],[151.2170744,-33.8461575],[151.2170608,-33.8461493],[151.217024,-33.8461228],[151.2169854,-33.8460807],[151.2169747,-33.8460691],[151.2169174,-33.8460428],[151.2168388,-33.846025],[151.2168232,-33.8460218],[151.2167864,-33.8460131],[151.2167455,-33.8460108],[151.2167244,-33.8460061],[151.2167124,-33.8460045],[151.2163366,-33.8458844],[151.216005,-33.8458017],[151.215777,-33.8455599],[151.21574,-33.8455889],[151.2155436,-33.8453797],[151.2153632,-33.845197],[151.215462,-33.8451146],[151.2154244,-33.8450721],[151.2154076,-33.8450799],[151.2153479,-33.8450096],[151.2153691,-33.8449732],[151.2154157,-33.8449861],[151.2154391,-33.844934],[151.2152735,-33.8448856],[151.2152359,-33.844898],[151.2155307,-33.8444994],[151.215551,-33.8444805],[151.2155705,-33.8444694],[151.2155944,-33.8444694],[151.2156195,-33.8444716],[151.2156338,-33.8444614],[151.2156459,-33.8444528],[151.2156597,-33.8444416],[151.2157002,-33.8444085],[151.2157238,-33.8444195],[151.2157334,-33.844424],[151.2157439,-33.8444288],[151.2160101,-33.8445524],[151.2160951,-33.8445944],[151.2161027,-33.844598],[151.2161109,-33.8446019],[151.2161794,-33.8446356],[151.2161864,-33.8446389],[151.2161947,-33.8446431],[151.2162314,-33.8446611],[151.2161763,-33.8447481],[151.216216,-33.8447879],[151.2162394,-33.8448116],[151.2163126,-33.844698],[151.2163465,-33.8447154],[151.216274,-33.8448241],[151.2164427,-33.8449369],[151.2164553,-33.844943],[151.2165167,-33.8449908],[151.2166462,-33.8450589],[151.2167098,-33.8450635],[151.2181902,-33.8451333],[151.2183215,-33.8451482],[151.218427,-33.8451544],[151.2185007,-33.8451531],[151.2186314,-33.8450516],[151.2186252,-33.8450152],[151.2186127,-33.8449596],[151.2185386,-33.8446331],[151.2184007,-33.8443239],[151.2182421,-33.8440733],[151.2182331,-33.8440766],[151.2182207,-33.8440812],[151.2182095,-33.8440853],[151.2182019,-33.8440881],[151.2181125,-33.8440553],[151.2180885,-33.8440649],[151.2180603,-33.8440211],[151.2180417,-33.8439748],[151.2180471,-33.8439201],[151.2178983,-33.8438043],[151.2177689,-33.8436596],[151.2177115,-33.8435876],[151.2178081,-33.8435657],[151.2177532,-33.8435006],[151.2177336,-33.8434426],[151.2177311,-33.8433966],[151.2177221,-33.8433774],[151.21771,-33.8433519],[151.2176913,-33.8433287],[151.2177161,-33.8433127],[151.2179413,-33.8435629],[151.2179267,-33.8435718],[151.2180526,-33.8437143],[151.2180608,-33.8437089],[151.2180708,-33.8437031],[151.218108,-33.8436802],[151.2177162,-33.8432612],[151.2177709,-33.8432243],[151.2170197,-33.8424167],[151.2169598,-33.8424536],[151.2169486,-33.8424605],[151.2169307,-33.8424716],[151.2169186,-33.842479],[151.2169005,-33.8424902],[151.2167214,-33.8422918],[151.2166358,-33.8421971],[151.2166255,-33.8421857],[151.2166088,-33.8421672],[151.2165184,-33.8421493],[151.216493,-33.842145],[151.2164694,-33.8421375],[151.2163385,-33.8420697],[151.2163242,-33.8420584],[151.2162152,-33.8419964],[151.216173,-33.8419643],[151.2161594,-33.841951],[151.2160942,-33.8418996],[151.2160544,-33.8418835],[151.2160369,-33.8418764],[151.2159795,-33.8418532],[151.2159608,-33.8418456],[151.2159362,-33.8418357],[151.2158584,-33.8417765],[151.2158494,-33.8417684],[151.2158234,-33.8417437],[151.2158157,-33.8417368],[151.2157593,-33.8416976],[151.215749,-33.8416887],[151.2157252,-33.8416733],[151.2156297,-33.8416018],[151.2156198,-33.8415938],[151.2155346,-33.8415615],[151.2155183,-33.8415521],[151.2154907,-33.8415362],[151.2151958,-33.8410803],[151.2152143,-33.8410681],[151.215703,-33.8407444],[151.2161142,-33.840472],[151.2161826,-33.8405378],[151.2162611,-33.8405985],[151.21641,-33.8407138],[151.2163964,-33.8407259],[151.2164039,-33.8407317],[151.2164119,-33.8407379],[151.2164256,-33.8407257],[151.2166035,-33.8408663],[151.2166211,-33.8407651],[151.2167948,-33.8408594],[151.2168649,-33.8408729],[151.2168872,-33.8408777],[151.2169213,-33.8408862],[151.2172403,-33.8411149],[151.217332,-33.8412799],[151.217325,-33.8413489],[151.2174147,-33.8413837],[151.2174878,-33.8414072],[151.2175316,-33.8413521],[151.2178492,-33.8414975],[151.2178669,-33.8415055],[151.2178767,-33.8415101],[151.2178826,-33.8415381],[151.2179015,-33.8415592],[151.2179895,-33.8416183],[151.2179717,-33.8416382],[151.2180024,-33.8416641],[151.2180356,-33.8416796],[151.2181705,-33.8417036],[151.2182592,-33.8417307],[151.2183904,-33.8418291],[151.2184185,-33.8418295],[151.2184483,-33.8418462],[151.2184604,-33.8418861],[151.2184921,-33.84194],[151.2185503,-33.8420085],[151.2186714,-33.8420928],[151.2187381,-33.8421155],[151.2188144,-33.8421218],[151.2188648,-33.8421104],[151.2189212,-33.8420787],[151.2189594,-33.8420521],[151.2190044,-33.8419869],[151.2190167,-33.8419729],[151.2190317,-33.8419591],[151.219061,-33.8419259],[151.2190876,-33.841891],[151.2191205,-33.8417994],[151.2192951,-33.8417087],[151.2194766,-33.8416456],[151.2195563,-33.8416359],[151.2196459,-33.8416293],[151.219739,-33.8416374],[151.2200194,-33.8417519],[151.2203717,-33.8418912],[151.2204016,-33.8419119],[151.2204851,-33.8419796],[151.2204743,-33.8419895],[151.2206446,-33.8421328],[151.2207421,-33.8421668],[151.2207361,-33.8422067],[151.2208405,-33.8422525],[151.221007,-33.8423664],[151.2211523,-33.84243],[151.2212498,-33.8423679],[151.221254,-33.8423701],[151.2212927,-33.8423901],[151.2212838,-33.8424018],[151.2214744,-33.8424558],[151.2214068,-33.8425447],[151.2216448,-33.8427136],[151.2218569,-33.8428809],[151.2219347,-33.8429937],[151.2220202,-33.8431356],[151.2220736,-33.843251],[151.2221153,-33.8433754],[151.2221758,-33.8434905],[151.2222384,-33.8436299],[151.2223494,-33.8438552],[151.2225081,-33.8440808],[151.2225355,-33.8442684],[151.2225386,-33.8444179],[151.2225732,-33.844534],[151.2228147,-33.8448203],[151.2227116,-33.8448415],[151.2229217,-33.8453961],[151.2229951,-33.8458118],[151.2230986,-33.8461738],[151.2232454,-33.8462814],[151.2233921,-33.846328],[151.2235475,-33.8463459],[151.2239642,-33.8464151],[151.2239818,-33.846418],[151.2241252,-33.8464559],[151.224137,-33.8464576],[151.2242983,-33.8464616],[151.2243339,-33.8464679],[151.224431,-33.8464755],[151.2246538,-33.8465532],[151.2247948,-33.8465814],[151.2248131,-33.8464682],[151.224956,-33.8464],[151.2250533,-33.8462009],[151.225058,-33.8461236],[151.2251387,-33.84599],[151.2251429,-33.8459826],[151.225146,-33.8459672],[151.225184,-33.8456181],[151.225246,-33.8456184],[151.2252584,-33.8454676],[151.2252603,-33.8454451],[151.2252607,-33.8454403],[151.2252533,-33.8454147],[151.2252429,-33.8453889],[151.2252391,-33.8453733],[151.2251572,-33.8451882],[151.224986,-33.8448302],[151.2249537,-33.8447792],[151.2249525,-33.8447683],[151.224897,-33.8446203],[151.224919,-33.8446197],[151.2248812,-33.8445297],[151.2248795,-33.8445089],[151.2248772,-33.8444823],[151.2247612,-33.8444857],[151.2247417,-33.8444014],[151.2247906,-33.8444034],[151.224815,-33.844404],[151.2248251,-33.8443493],[151.2248206,-33.8443059],[151.2248184,-33.8443005],[151.224814,-33.8442894],[151.2247643,-33.8441834],[151.2247603,-33.844172],[151.2247347,-33.8440988],[151.2247083,-33.8440962],[151.2247036,-33.8440282],[151.224707,-33.844],[151.224639,-33.8439894],[151.2246433,-33.8439486],[151.2246211,-33.8438736],[151.2246178,-33.843863],[151.2245969,-33.8437918],[151.2245995,-33.8437169],[151.2245718,-33.8437149],[151.2245752,-33.843612],[151.2245347,-33.8435084],[151.2245234,-33.8434202],[151.2245122,-33.8433996],[151.2245297,-33.8434008],[151.2245286,-33.8433772],[151.2245178,-33.8433063],[151.2244883,-33.8433043],[151.2244972,-33.8431905],[151.2244914,-33.8431051],[151.2244808,-33.8430327],[151.2244671,-33.8429331],[151.2244988,-33.8427723],[151.2244438,-33.8427632],[151.2244742,-33.8425631],[151.2244402,-33.8425575],[151.2244708,-33.84231],[151.2244294,-33.842251],[151.2244009,-33.8421856],[151.2244235,-33.8421486],[151.2244448,-33.8420772],[151.2243624,-33.8416682],[151.22432,-33.8416018],[151.2243692,-33.8414326],[151.2243108,-33.8413179],[151.2243236,-33.8412572],[151.2243541,-33.8412064],[151.2243353,-33.8411368],[151.2243025,-33.841135],[151.2243226,-33.8410337],[151.2243536,-33.8409251],[151.2243743,-33.8408966],[151.2244504,-33.8409079],[151.2244646,-33.8408216],[151.2244105,-33.8408105],[151.2244131,-33.8407053],[151.2244759,-33.8406146],[151.2245292,-33.8405933],[151.2245646,-33.8404479],[151.2245997,-33.8403586],[151.2245745,-33.8401472],[151.2246126,-33.8401148],[151.2245636,-33.8398554],[151.2245655,-33.8397158],[151.2246893,-33.8393964],[151.2248378,-33.8393491],[151.2248896,-33.8393706],[151.2249242,-33.8395892],[151.225045,-33.8397613],[151.2251572,-33.8399118],[151.225464,-33.840149],[151.2255134,-33.8401915],[151.2256424,-33.8403024],[151.2256743,-33.8403705],[151.2255883,-33.8407464],[151.2256396,-33.8408265],[151.2256608,-33.8411832],[151.2258022,-33.8414885],[151.2258434,-33.8415356],[151.2259685,-33.8417184],[151.2260721,-33.8418403],[151.2261196,-33.841912],[151.2263915,-33.8422597],[151.2265468,-33.842464],[151.2265814,-33.8426504],[151.2265857,-33.842973],[151.2265771,-33.8432562],[151.2266245,-33.8434712],[151.2266418,-33.843758],[151.2266936,-33.8439444],[151.2267738,-33.8440838],[151.2269198,-33.8442359],[151.2271812,-33.8445645],[151.2271819,-33.8447762],[151.2273884,-33.8449408],[151.2276387,-33.8451093],[151.2280314,-33.8454104],[151.2282515,-33.8455717],[151.2285364,-33.8458441],[151.2286184,-33.8459158],[151.2287349,-33.8461846],[151.2288448,-33.8462651],[151.2289565,-33.846283],[151.2290734,-33.8463449],[151.2291299,-33.846383],[151.2291787,-33.8463607],[151.2292023,-33.8463958],[151.2293174,-33.8464961],[151.229444,-33.8465896],[151.2294919,-33.8465986],[151.2295868,-33.846671],[151.2297139,-33.8467626],[151.2297686,-33.846831],[151.2298259,-33.8469132],[151.2298711,-33.8469779],[151.2298662,-33.8470107],[151.2298602,-33.8470222],[151.2298589,-33.8470337],[151.2298918,-33.8470446],[151.2298945,-33.8470322],[151.2299116,-33.8470356],[151.2299073,-33.8470529],[151.2299175,-33.8470611],[151.2299353,-33.8470522],[151.2299702,-33.8470811],[151.2300158,-33.8471178],[151.2302713,-33.847328],[151.2304413,-33.8474042],[151.230534,-33.8474423],[151.2306829,-33.8475266],[151.2307969,-33.8475731],[151.2308569,-33.8475985],[151.2308965,-33.8475985],[151.2309748,-33.8476474],[151.2310579,-33.8476951],[151.2311732,-33.8477545],[151.2312251,-33.8478416],[151.2313157,-33.8479329],[151.2314061,-33.8480012],[151.231505,-33.8481014],[151.2315988,-33.8481601],[151.2316926,-33.8482276],[151.2317797,-33.8482628],[151.2318443,-33.8482838],[151.2321121,-33.8484166],[151.2322511,-33.8484615],[151.2323639,-33.8485312],[151.2324991,-33.8486009],[151.2325848,-33.8486557],[151.2329442,-33.8487333],[151.2329925,-33.8486666],[151.233029,-33.848596],[151.2330407,-33.8485469],[151.2330069,-33.848485],[151.2330063,-33.8484501],[151.2330291,-33.8484386],[151.2329811,-33.8483985],[151.2329577,-33.8483264],[151.232988,-33.8482637],[151.2329503,-33.8482473],[151.2329255,-33.8482499],[151.232934,-33.8482064],[151.2328757,-33.8481456],[151.2328098,-33.8480856],[151.2327519,-33.8480234],[151.2327434,-33.8479791],[151.2326907,-33.8479425],[151.2326447,-33.8479517],[151.2326156,-33.8479214],[151.2325692,-33.8479391],[151.2325058,-33.8479142],[151.2324862,-33.8478801],[151.2324284,-33.8478207],[151.2323556,-33.8477956],[151.2323281,-33.8477698],[151.2322435,-33.8477115],[151.2321861,-33.8476716],[151.2320805,-33.8476205],[151.2320344,-33.8476],[151.2320006,-33.8475897],[151.2319829,-33.8475617],[151.2319417,-33.8475117],[151.2319007,-33.8474798],[151.2318034,-33.8474211],[151.2316438,-33.8473224],[151.231563,-33.847238],[151.2315385,-33.8471981],[151.2315187,-33.847183],[151.2315025,-33.8471981],[151.2314763,-33.8471935],[151.2314855,-33.8471568],[151.2314727,-33.8471244],[151.2314056,-33.8471196],[151.2313841,-33.84705],[151.2313517,-33.8469843],[151.2312779,-33.8469208],[151.2312282,-33.8468294],[151.2312078,-33.8467675],[151.2311987,-33.8466693],[151.2311987,-33.8465548],[151.2312161,-33.8463323],[151.2312282,-33.8461415],[151.2312221,-33.8460026],[151.2312105,-33.8459729],[151.2311982,-33.84584],[151.231162,-33.8457511],[151.2310936,-33.8456489],[151.2310356,-33.845494],[151.2309615,-33.8453567],[151.2309111,-33.8451705],[151.2308668,-33.8450448],[151.2307236,-33.8448565],[151.2305546,-33.8446791],[151.2304198,-33.8445232],[151.2303722,-33.8443696],[151.2303825,-33.8442135],[151.2303379,-33.8440724],[151.2302397,-33.8439868],[151.2301954,-33.8438803],[151.2301452,-33.8438104],[151.2301325,-33.8437427],[151.2300747,-33.8436127],[151.2300142,-33.8433869],[151.2299695,-33.8431884],[151.2299755,-33.8429856],[151.2299346,-33.8428025],[151.22996,-33.8427526],[151.2299928,-33.8427376],[151.230036,-33.842748],[151.2300497,-33.8427294],[151.2300457,-33.8426933],[151.2300724,-33.8426805],[151.2301126,-33.842693],[151.2301634,-33.8426755],[151.2302865,-33.8426163],[151.2303572,-33.8425793],[151.2303785,-33.8425364],[151.2304555,-33.8424179],[151.2304742,-33.8423737],[151.2304956,-33.8423184],[151.2305039,-33.8422958],[151.2305285,-33.8422367],[151.230546,-33.8421185],[151.2305443,-33.8420859],[151.2304188,-33.8419901],[151.2304041,-33.8419691],[151.2303667,-33.8419133],[151.2303349,-33.8415588],[151.2303134,-33.8413186],[151.2303871,-33.8411102],[151.230391,-33.8409781],[151.230394,-33.8409659],[151.2303827,-33.8409118],[151.2303868,-33.8408792],[151.2303718,-33.8407934],[151.2303095,-33.840662],[151.2302586,-33.8406358],[151.2302166,-33.8405302],[151.2301628,-33.8403853],[151.2300743,-33.8402584],[151.2300034,-33.8401493],[151.2299336,-33.8399959],[151.2298041,-33.8398131],[151.2296185,-33.839641],[151.2296056,-33.8395514],[151.2295236,-33.8392396],[151.2294761,-33.8390854],[151.2294718,-33.8389385],[151.2293337,-33.8386553],[151.229256,-33.8385334],[151.2291732,-33.8384477],[151.2292538,-33.838222],[151.2292872,-33.8379558],[151.2289351,-33.8378058],[151.2286452,-33.8376682],[151.2284494,-33.8376463],[151.2283819,-33.837544],[151.2285543,-33.836645],[151.2288027,-33.8356194],[151.2288758,-33.8352315],[151.2289576,-33.8347856],[151.2290687,-33.8342425],[151.2291695,-33.8337627],[151.2292783,-33.8332061],[151.2292902,-33.8331453],[151.2294224,-33.8325641],[151.2295533,-33.8319599],[151.2295631,-33.8319144],[151.229575,-33.8318143],[151.2296004,-33.8317815],[151.2296246,-33.8316739],[151.2296322,-33.8316286],[151.229637,-33.8315666],[151.2296912,-33.8312814],[151.2297818,-33.8308544],[151.2299613,-33.830015],[151.2301389,-33.8292021],[151.2301575,-33.829105],[151.2302715,-33.8285708],[151.2303029,-33.8283957],[151.2303042,-33.8283857],[151.2303082,-33.8283582],[151.2303141,-33.8282584],[151.2303194,-33.8282261],[151.2303459,-33.8281396],[151.2303193,-33.828098],[151.2306628,-33.8279304],[151.2309055,-33.8277875],[151.2308983,-33.8277318],[151.2309211,-33.8276912],[151.2309262,-33.8276637],[151.230924,-33.8276221],[151.2309163,-33.8275899],[151.2309211,-33.8275468],[151.2309288,-33.8275119],[151.2309601,-33.8274451],[151.2310112,-33.8271771],[151.2311604,-33.8264254],[151.2311701,-33.8263767],[151.2312253,-33.8260993],[151.2312587,-33.8259354],[151.23142,-33.8251301],[151.2314936,-33.8247603],[151.2315354,-33.8245483],[151.2317323,-33.8235545],[151.2318068,-33.8231785],[151.2318765,-33.8228362],[151.2318941,-33.8227455],[151.2319153,-33.8226447],[151.2319414,-33.8225159],[151.2319582,-33.8224309],[151.2320481,-33.821987],[151.2320797,-33.8218305],[151.2321157,-33.8216416],[151.2321973,-33.8212553],[151.2322055,-33.821234],[151.2322154,-33.821214],[151.2322296,-33.8211981],[151.2322438,-33.8211878],[151.2322332,-33.8210868],[151.2322372,-33.8210681],[151.2322466,-33.8210245],[151.2322843,-33.8208503],[151.2323116,-33.8207558],[151.2323264,-33.8207066],[151.2323418,-33.8206774],[151.2323723,-33.8206326],[151.2324086,-33.8205862],[151.2324602,-33.8205156],[151.2325139,-33.8202591],[151.232603,-33.8198211],[151.2326981,-33.8193627],[151.2328326,-33.8187124],[151.2328972,-33.8184066],[151.2329085,-33.8183328],[151.2329102,-33.8183016],[151.2329019,-33.8182733],[151.2328572,-33.8182161],[151.2324071,-33.8178496],[151.2321198,-33.8176161],[151.231814,-33.8173711],[151.2315114,-33.8171327],[151.2314957,-33.8171204],[151.2314952,-33.8170881],[151.2311265,-33.8168168],[151.231117,-33.8168304],[151.2310712,-33.8168963],[151.2309878,-33.8168298],[151.23058,-33.8172804],[151.2299916,-33.8174457],[151.2294054,-33.8172732],[151.2289952,-33.8173231],[151.2287976,-33.8176182],[151.2284861,-33.8185599],[151.2274738,-33.8196813],[151.226721,-33.8200982],[151.2260621,-33.8207774],[151.2259166,-33.8212003],[151.2259105,-33.8212179],[151.225929,-33.8221971],[151.2257708,-33.8222857],[151.2255833,-33.8222185],[151.2251792,-33.8221668],[151.2247668,-33.8222246],[151.2247006,-33.8222063],[151.2240379,-33.821476],[151.2240212,-33.8214132],[151.2240128,-33.8213777],[151.2243503,-33.821119],[151.2249554,-33.8197205],[151.2252392,-33.8195633],[151.2258662,-33.8190492],[151.2259497,-33.8189765],[151.2259574,-33.8188747],[151.2260381,-33.8187655],[151.2260646,-33.8186691],[151.2260535,-33.8186223],[151.2260721,-33.8185384],[151.2260259,-33.8185168],[151.2259497,-33.8185021],[151.2258006,-33.8184929],[151.2255685,-33.8185136],[151.2248877,-33.8186848],[151.2241615,-33.8185965],[151.2238129,-33.8186022],[151.2233394,-33.8186982],[151.2230851,-33.8187546],[151.2231229,-33.8185892],[151.2229207,-33.8185588],[151.2229103,-33.8185574],[151.2229008,-33.8185562],[151.2227945,-33.8185417],[151.2227799,-33.8186026],[151.2227558,-33.8187027],[151.2226938,-33.8187622],[151.2224867,-33.8188922],[151.2214651,-33.8193685],[151.2213268,-33.819177],[151.2207699,-33.8189823],[151.2198633,-33.8190002],[151.2195271,-33.8190145],[151.2193416,-33.818784],[151.2192122,-33.8185093],[151.2191526,-33.8183873],[151.2191898,-33.81823],[151.2191434,-33.8182202],[151.2191684,-33.8181391],[151.2191953,-33.8180516],[151.2192417,-33.8180615],[151.2194691,-33.8178142],[151.2198775,-33.8176884],[151.220141,-33.8176884],[151.2203274,-33.8177634],[151.2204534,-33.817906],[151.220609,-33.817877],[151.2207968,-33.8179327],[151.2210248,-33.8178013],[151.2214539,-33.817574],[151.2216953,-33.817545],[151.2219689,-33.8174046],[151.222331,-33.817204],[151.2225724,-33.8172107],[151.2228406,-33.8171996],[151.222972,-33.8171884],[151.2231196,-33.8170993],[151.2232483,-33.8171439],[151.2233931,-33.8171194],[151.2236667,-33.8169812],[151.2238598,-33.8168475],[151.2242515,-33.8165556],[151.2243963,-33.8163751],[151.2244151,-33.816179],[151.2243748,-33.8160185],[151.2241067,-33.8156798],[151.2240935,-33.815324],[151.2237312,-33.8147439],[151.2233886,-33.8143991],[151.2235072,-33.8139667],[151.2238432,-33.8139119],[151.2246995,-33.8142677],[151.2248774,-33.814919],[151.2253308,-33.8149766],[151.2257865,-33.8150175],[151.2259577,-33.8152529],[151.2265243,-33.81522],[151.2268207,-33.8154773],[151.2270823,-33.815418],[151.2273279,-33.8153623],[151.2281359,-33.8148751],[151.2283029,-33.8146125],[151.2299481,-33.8137161],[151.2304723,-33.8136532],[151.2305411,-33.8136383],[151.2307086,-33.8136336],[151.2308399,-33.8136219],[151.2312383,-33.8136761],[151.2314532,-33.8136993],[151.2315268,-33.8137131],[151.2316766,-33.813748],[151.2316834,-33.8137684],[151.2317052,-33.8137794],[151.2317289,-33.813784],[151.2317652,-33.8137906],[151.2317754,-33.8138106],[151.2318087,-33.8138066],[151.2318056,-33.8137927],[151.2318313,-33.8137897],[151.2318419,-33.8137963],[151.2318882,-33.813794],[151.2319794,-33.8137351],[151.2320211,-33.8137041],[151.2320727,-33.8136982],[151.2321401,-33.8136748],[151.2321851,-33.8136559],[151.2322032,-33.81365],[151.2322119,-33.8136425],[151.232225,-33.8136238],[151.232234,-33.8135999],[151.2322132,-33.8135851],[151.2322002,-33.8135901],[151.232172,-33.8135918],[151.2321489,-33.8135871],[151.2321224,-33.8135812],[151.2320666,-33.813512],[151.2319595,-33.8133576],[151.2319099,-33.813273],[151.2317434,-33.8131236],[151.2314253,-33.8129108],[151.231175,-33.8128392],[151.2306875,-33.8125929],[151.2302791,-33.8122426],[151.2302594,-33.8115311],[151.2308325,-33.8108414],[151.2309708,-33.8100751],[151.2308654,-33.8094512],[151.2314715,-33.8085316],[151.2315044,-33.8081156],[151.2319321,-33.8078831],[151.2320497,-33.8078191],[151.2322635,-33.8071859],[151.2318601,-33.806271],[151.2312912,-33.806127],[151.2308638,-33.8057718],[151.2307172,-33.80565],[151.2303298,-33.80534],[151.2297702,-33.8052565],[151.2284199,-33.8056677],[151.2281775,-33.8055689],[151.2269356,-33.8050627],[151.2257755,-33.8049144],[151.2252482,-33.8049751],[151.223788,-33.80633],[151.2228308,-33.8065659],[151.2225051,-33.8068071],[151.2224856,-33.8068216],[151.2224576,-33.8068423],[151.2222791,-33.806694],[151.2222102,-33.8064704],[151.2221915,-33.8064422],[151.2219029,-33.8063252],[151.2217275,-33.8062491],[151.2211512,-33.8063488],[151.220754,-33.8064176],[151.21931,-33.8066131],[151.2190991,-33.8062087],[151.218726,-33.8059795],[151.2180577,-33.8056114],[151.218004,-33.8055818],[151.218004,-33.8054263],[151.2173966,-33.8054215],[151.2170449,-33.8054132],[151.216815,-33.805474],[151.2166784,-33.8055179],[151.216599,-33.8055435],[151.2159754,-33.8057288],[151.2157838,-33.8058648],[151.2155068,-33.8059994],[151.2152055,-33.8060819],[151.2147839,-33.8061138],[151.2143937,-33.8060718],[151.2138589,-33.8059227],[151.2134583,-33.805791],[151.2132615,-33.8057433],[151.2131029,-33.805613],[151.2133764,-33.8056593],[151.213568,-33.8051238],[151.2133892,-33.8050758],[151.2133577,-33.8050673],[151.2129788,-33.8046189],[151.2125748,-33.8045022],[151.2123826,-33.8045247],[151.2119072,-33.8046824],[151.2116485,-33.8048175],[151.2105941,-33.8053394],[151.2091281,-33.805357],[151.2090785,-33.8055516],[151.2090576,-33.8056337],[151.2090136,-33.8058063],[151.2085147,-33.8057942],[151.2080876,-33.8060297],[151.2080093,-33.806012],[151.2077808,-33.8061842],[151.2076248,-33.8068915],[151.2075182,-33.8068736],[151.2075257,-33.8068467],[151.2074703,-33.8066613],[151.2068778,-33.8067165],[151.2060927,-33.8067353],[151.2050992,-33.8065729],[151.2048507,-33.807696],[151.204818,-33.8078455],[151.2043966,-33.8097736],[151.2043723,-33.8098848],[151.2043547,-33.8099582],[151.2043497,-33.8099799],[151.2043094,-33.810148],[151.2042834,-33.8103061],[151.2042753,-33.8104846],[151.2042749,-33.8105535],[151.204274,-33.8107143],[151.2042834,-33.8109229],[151.204321,-33.8111232],[151.2043378,-33.8111864],[151.2043615,-33.8112816],[151.2043928,-33.8113758],[151.2044205,-33.811464],[151.2044484,-33.8115435],[151.2044849,-33.8116436],[151.2045296,-33.8117402],[151.2045762,-33.8118354],[151.2046682,-33.8119875],[151.2052891,-33.8130133],[151.2054018,-33.8131952],[151.2055052,-33.8133804],[151.2055401,-33.8134428],[151.2048641,-33.8132088],[151.2043141,-33.8125002],[151.2037163,-33.8123765],[151.202906,-33.812796],[151.2024543,-33.8127033],[151.2021036,-33.8125509],[151.2019123,-33.8123655],[151.2017423,-33.8123633],[151.2010196,-33.812445],[151.2007141,-33.8127165],[151.199755,-33.8130057],[151.1993773,-33.8129923],[151.199165,-33.8129126],[151.1988259,-33.8129704],[151.1986089,-33.8129509],[151.1984577,-33.8129329],[151.1983177,-33.812972],[151.1982611,-33.8130182],[151.1976527,-33.8127026],[151.1970748,-33.8124873],[151.1967042,-33.8123803],[151.1960413,-33.8122644],[151.195672,-33.812239],[151.1951659,-33.8122368],[151.194499,-33.8123107],[151.1939264,-33.8124114],[151.1933308,-33.8125678],[151.1929063,-33.8127008],[151.1926763,-33.8127925],[151.1928282,-33.8131264],[151.1929925,-33.813759],[151.1932051,-33.8142095],[151.193353,-33.8146142],[151.1934935,-33.815141],[151.1935694,-33.8156304],[151.1936546,-33.816228],[151.1936378,-33.8167299],[151.1936247,-33.8172512],[151.1936227,-33.8175812],[151.1934988,-33.8175914],[151.1932025,-33.8176072],[151.1931504,-33.8176182],[151.1929993,-33.8176858],[151.1929571,-33.8177047],[151.1927083,-33.8178487],[151.1926026,-33.8179227],[151.1925421,-33.8179584],[151.192445,-33.8180083],[151.1924059,-33.8179537],[151.1922397,-33.8177318],[151.1920268,-33.8174266],[151.1919506,-33.8173241],[151.1918217,-33.8171502],[151.1917352,-33.8170317],[151.1915307,-33.8167525],[151.1914608,-33.8166543],[151.1914418,-33.8166276],[151.191366,-33.8165373],[151.1912946,-33.8165733],[151.1912643,-33.8165886],[151.1912116,-33.8166152],[151.1908593,-33.8167929],[151.1908428,-33.8168012],[151.1907633,-33.8168413],[151.1901986,-33.8171262],[151.189851,-33.8173016],[151.1897976,-33.8173285],[151.1897746,-33.8173405],[151.1897461,-33.8173548],[151.1896377,-33.8174092],[151.1895407,-33.8174581],[151.1894484,-33.8175047],[151.1892294,-33.8176152],[151.1891169,-33.8176719],[151.1884606,-33.818003],[151.1883907,-33.8180386],[151.1884315,-33.8180933],[151.1884977,-33.8181703],[151.1885758,-33.8182612],[151.1887866,-33.8185564],[151.1891595,-33.8190865],[151.1892222,-33.8191757],[151.1880892,-33.8197247],[151.1891736,-33.8212139],[151.1891549,-33.8212575],[151.1890012,-33.8213334],[151.1887206,-33.821472],[151.1887007,-33.8214818],[151.1874474,-33.8221271],[151.1868723,-33.8224183],[151.1868438,-33.8224327],[151.1867904,-33.8224597],[151.1867462,-33.8224817],[151.1866835,-33.8224061],[151.1864154,-33.8220437],[151.1862015,-33.8217663],[151.185909,-33.8214531],[151.1855786,-33.8210979],[151.1852375,-33.8207437],[151.1848885,-33.8204057],[151.1844901,-33.8200189],[151.1841905,-33.8197254],[151.1838772,-33.81942],[151.1834539,-33.8189946],[151.1831428,-33.8187052],[151.1828655,-33.8184148],[151.1824735,-33.8180333],[151.1822362,-33.81781],[151.1821118,-33.81773],[151.1819588,-33.8176608],[151.181731,-33.8175775],[151.1815322,-33.817527],[151.1812211,-33.8174628],[151.1807759,-33.817382],[151.1803782,-33.8173107],[151.1800815,-33.8172561],[151.1799313,-33.8172198],[151.1797932,-33.8171747],[151.1796681,-33.8170998],[151.1795379,-33.8170048],[151.1791846,-33.8167564],[151.1789717,-33.8165923],[151.178939,-33.816626],[151.1788885,-33.8166917],[151.1788734,-33.8167191],[151.1788549,-33.8167529],[151.1788359,-33.8168119],[151.1788179,-33.8168938],[151.1788185,-33.8169336],[151.178826,-33.8169748],[151.1789506,-33.8173447],[151.1789961,-33.8174756],[151.1789985,-33.8175113],[151.1789957,-33.8175409],[151.1789867,-33.8175691],[151.178973,-33.8175958],[151.1789203,-33.8176802],[151.1784882,-33.8182762],[151.1784589,-33.8183144],[151.178374,-33.8184457],[151.1783513,-33.8184866],[151.1783302,-33.8185278],[151.1783989,-33.8185486],[151.178509,-33.8185819],[151.1786072,-33.8186066],[151.1787054,-33.8186229],[151.1788019,-33.8186276],[151.1788943,-33.8186212],[151.1792674,-33.8185916],[151.1794797,-33.8185791],[151.1795936,-33.8185727],[151.1796363,-33.8185766],[151.1796749,-33.8185967],[151.1796979,-33.8186229],[151.1797132,-33.8186637],[151.1797123,-33.81869],[151.1797945,-33.8187298],[151.1801372,-33.8189277],[151.18023,-33.8189808],[151.1802911,-33.8190095],[151.1803513,-33.8190292],[151.1796246,-33.8224469],[151.180149,-33.8225133],[151.1797474,-33.824664],[151.179983,-33.8247005],[151.1798576,-33.8253118],[151.1797532,-33.8252525],[151.1796329,-33.8251971],[151.1794835,-33.8251414],[151.1793265,-33.8251054],[151.1791908,-33.8250889],[151.1790745,-33.8250814],[151.1789294,-33.8250778],[151.1785697,-33.8251043],[151.1782558,-33.8251305],[151.1777186,-33.8251702],[151.1767551,-33.8252382],[151.1761934,-33.8252874],[151.1755314,-33.8253404],[151.1752057,-33.8253721],[151.1750257,-33.8253946],[151.1748952,-33.8254059],[151.1747402,-33.8254158],[151.1747319,-33.8254913],[151.1747297,-33.8255116],[151.1747355,-33.8255487],[151.1747487,-33.8255931],[151.1747827,-33.8256437],[151.1748316,-33.8257005],[151.1751375,-33.8259571],[151.175015,-33.8259409],[151.1748287,-33.8259162],[151.1747748,-33.826197],[151.1749299,-33.8263399],[151.1748585,-33.826407],[151.1752916,-33.8267434],[151.1751723,-33.8267629],[151.1752794,-33.8269081],[151.175005,-33.8269377],[151.1751507,-33.8273522],[151.1748679,-33.8276613],[151.17471,-33.8276761],[151.1747241,-33.8277026],[151.1746743,-33.8277729]]]}},{"type":"Feature","properties":{"name":"North","zoneId":5},"geometry":{"type":"MultiPolygon","coordinates":[[[[151.1420209,-33.8084194],[151.142316,-33.8088829],[151.1423774,-33.8089639],[151.1425198,-33.8095292],[151.1426563,-33.8100382],[151.1427207,-33.8104527],[151.14271,-33.8108961],[151.1427764,-33.811108],[151.1426254,-33.8113349],[151.1426188,-33.8115814],[151.142655,-33.8116962],[151.1427113,-33.8117753],[151.1427046,-33.8118377],[151.142651,-33.8119458],[151.1427089,-33.8126062],[151.1429765,-33.8131494],[151.1432026,-33.8137261],[151.1440511,-33.8143652],[151.1447538,-33.8151864],[151.1451246,-33.8161162],[151.1446439,-33.8164463],[151.1448571,-33.8168505],[151.1448783,-33.8168557],[151.1449425,-33.8169679],[151.1450496,-33.8170979],[151.1452211,-33.8172635],[151.1453811,-33.8173757],[151.1459415,-33.8179959],[151.146282,-33.8181772],[151.1466979,-33.8181847],[151.1472248,-33.8186366],[151.1478107,-33.8186794],[151.1480652,-33.818907],[151.1483756,-33.8187503],[151.1488364,-33.819165],[151.1488809,-33.8199102],[151.148714,-33.8210841],[151.1489882,-33.8222727],[151.148976,-33.822376],[151.149041,-33.82262],[151.149177,-33.822953],[151.14919,-33.823026],[151.149141,-33.823244],[151.14914,-33.823373],[151.149154,-33.823387],[151.149205,-33.823381],[151.149226,-33.823396],[151.149376,-33.823562],[151.149446,-33.823604],[151.149518,-33.823708],[151.149537,-33.823755],[151.149517,-33.823784],[151.149593,-33.823905],[151.149609,-33.82401],[151.1495897,-33.8241323],[151.149574,-33.824232],[151.149526,-33.824375],[151.149529,-33.824427],[151.149547,-33.824486],[151.149648,-33.824611],[151.149675,-33.824786],[151.149692,-33.824786],[151.149699,-33.824832],[151.149639,-33.824959],[151.1495899,-33.8250064],[151.1499718,-33.8250621],[151.1500747,-33.8250771],[151.1501409,-33.8250868],[151.1501775,-33.8248674],[151.1502001,-33.8246844],[151.1501977,-33.8245024],[151.1502292,-33.8244651],[151.1502769,-33.8245092],[151.1507301,-33.8245665],[151.1510425,-33.8243193],[151.1507359,-33.8237837],[151.1507125,-33.8237429],[151.1507514,-33.823387],[151.1508748,-33.8230149],[151.1512538,-33.8225825],[151.1514043,-33.8219123],[151.1515517,-33.8218777],[151.1522671,-33.8217075],[151.1525231,-33.8216494],[151.1525533,-33.8216942],[151.1525686,-33.8217219],[151.1524344,-33.8218754],[151.1524286,-33.8219256],[151.1524538,-33.8219704],[151.1525054,-33.8220339],[151.1525406,-33.8221357],[151.1525867,-33.8225278],[151.1525946,-33.8226053],[151.1523825,-33.8226646],[151.1523362,-33.8229624],[151.1522614,-33.8231617],[151.1522277,-33.8232635],[151.1521332,-33.8235492],[151.1521761,-33.823813],[151.1526082,-33.8246049],[151.1531246,-33.8251105],[151.1532062,-33.8254141],[151.1532967,-33.8257464],[151.1535954,-33.8260199],[151.1537819,-33.8261638],[151.1542805,-33.8265033],[151.1542141,-33.8266637],[151.1541941,-33.826833],[151.1543299,-33.8271367],[151.1539446,-33.8276441],[151.1541138,-33.82852],[151.15448,-33.8290221],[151.1552713,-33.8291569],[151.1560958,-33.8296695],[151.156125,-33.8296785],[151.1562643,-33.8297062],[151.157571,-33.82999],[151.1587804,-33.8302047],[151.1588804,-33.8302308],[151.159017,-33.8302212],[151.1590508,-33.8302188],[151.1592598,-33.8300728],[151.1593767,-33.8299912],[151.1596273,-33.8298162],[151.1599904,-33.8290921],[151.1600793,-33.8289147],[151.160093,-33.828089],[151.160018,-33.8279594],[151.1600541,-33.8278416],[151.1599974,-33.8276666],[151.1601515,-33.827495],[151.1603323,-33.8274673],[151.1603991,-33.8273309],[151.1605735,-33.8273367],[151.1606,-33.8273376],[151.1606953,-33.8273408],[151.1607229,-33.8274618],[151.1609788,-33.8275589],[151.1611033,-33.8275661],[151.161469,-33.8276934],[151.1616083,-33.8277518],[151.1615151,-33.8278931],[151.1617279,-33.82799],[151.1617884,-33.8278983],[151.1619267,-33.8279941],[151.1618187,-33.8281443],[151.1619829,-33.8282157],[151.1620692,-33.8282251],[151.1623773,-33.8282307],[151.1632396,-33.8282769],[151.1631228,-33.8283971],[151.1632452,-33.828508],[151.1634232,-33.8286513],[151.1639016,-33.8287021],[151.1643133,-33.8286513],[151.1644635,-33.8286975],[151.1643522,-33.8287391],[151.1641241,-33.8287622],[151.1638515,-33.8288638],[151.1638515,-33.8290302],[151.1639517,-33.8292058],[151.1643493,-33.8295335],[151.1638741,-33.8299368],[151.1631175,-33.8301447],[151.1628728,-33.8300015],[151.1625553,-33.8300126],[151.1622977,-33.830024],[151.1621419,-33.830089],[151.1621174,-33.8301292],[151.1619311,-33.8302045],[151.1617155,-33.8301669],[151.1615458,-33.8302085],[151.1614179,-33.830294],[151.1614818,-33.8303356],[151.161421,-33.8304161],[151.1613181,-33.8304438],[151.1611429,-33.8306725],[151.1609843,-33.831003],[151.1610175,-33.8314288],[151.1611993,-33.8318008],[151.1615668,-33.832159],[151.1620611,-33.832252],[151.1623151,-33.8322998],[151.1626905,-33.8322653],[151.163041,-33.8323069],[151.1637086,-33.8325379],[151.1638484,-33.8326843],[151.164116,-33.8329644],[151.164422,-33.8333294],[151.1644352,-33.8335585],[151.16444,-33.8336427],[151.1644532,-33.8339232],[151.1645632,-33.8340395],[151.16471,-33.8341946],[151.1654319,-33.8342546],[151.1662173,-33.834173],[151.1665034,-33.8341896],[151.1668116,-33.8342208],[151.167379,-33.8341991],[151.1675181,-33.8343146],[151.1679376,-33.8346632],[151.1679464,-33.8346705],[151.1680799,-33.8352527],[151.1686474,-33.8359089],[151.1693716,-33.8360673],[151.169424,-33.8360788],[151.1694418,-33.8360827],[151.1698086,-33.8360309],[151.170416,-33.8355136],[151.1708723,-33.8350627],[151.1711908,-33.8349391],[151.1714406,-33.8348421],[151.1717603,-33.834663],[151.1727736,-33.8344729],[151.1733946,-33.8340792],[151.1736551,-33.8334049],[151.1736404,-33.8331898],[151.173143,-33.8327797],[151.1728781,-33.8326522],[151.1726523,-33.8325435],[151.1724148,-33.8324292],[151.1722119,-33.8322569],[151.1722021,-33.8322507],[151.1717437,-33.8320805],[151.1714189,-33.8318085],[151.1714174,-33.8316502],[151.17045,-33.8309802],[151.1705419,-33.8307307],[151.170705,-33.8302877],[151.171122,-33.8300133],[151.171657,-33.8299152],[151.1724083,-33.8293059],[151.172724,-33.8288404],[151.1726909,-33.8284521],[151.173119,-33.8282674],[151.1733176,-33.8280453],[151.173926,-33.827877],[151.1742516,-33.8278565],[151.1745068,-33.828145],[151.1748766,-33.8282511],[151.1749733,-33.8283143],[151.1751911,-33.8280944],[151.1750783,-33.8279891],[151.1748453,-33.8279547],[151.1747279,-33.8278899],[151.1747251,-33.8277994],[151.1746743,-33.8277729],[151.1747241,-33.8277026],[151.17471,-33.8276761],[151.1748679,-33.8276613],[151.1751507,-33.8273522],[151.175005,-33.8269377],[151.1752794,-33.8269081],[151.1751723,-33.8267629],[151.1752916,-33.8267434],[151.1748585,-33.826407],[151.1749299,-33.8263399],[151.1747748,-33.826197],[151.1748287,-33.8259162],[151.175015,-33.8259409],[151.1751375,-33.8259571],[151.1748316,-33.8257005],[151.1747827,-33.8256437],[151.1747487,-33.8255931],[151.1747355,-33.8255487],[151.1747297,-33.8255116],[151.1747319,-33.8254913],[151.1747402,-33.8254158],[151.1748952,-33.8254059],[151.1750257,-33.8253946],[151.1752057,-33.8253721],[151.1755314,-33.8253404],[151.1761934,-33.8252874],[151.1767551,-33.8252382],[151.1777186,-33.8251702],[151.1782558,-33.8251305],[151.1785697,-33.8251043],[151.1789294,-33.8250778],[151.1790745,-33.8250814],[151.1791908,-33.8250889],[151.1793265,-33.8251054],[151.1794835,-33.8251414],[151.1796329,-33.8251971],[151.1797532,-33.8252525],[151.1798576,-33.8253118],[151.179983,-33.8247005],[151.1797474,-33.824664],[151.180149,-33.8225133],[151.1796246,-33.8224469],[151.1803513,-33.8190292],[151.1802911,-33.8190095],[151.18023,-33.8189808],[151.1801372,-33.8189277],[151.1797945,-33.8187298],[151.1797123,-33.81869],[151.1797132,-33.8186637],[151.1796979,-33.8186229],[151.1796749,-33.8185967],[151.1796363,-33.8185766],[151.1795936,-33.8185727],[151.1794797,-33.8185791],[151.1792674,-33.8185916],[151.1788943,-33.8186212],[151.1788019,-33.8186276],[151.1787054,-33.8186229],[151.1786072,-33.8186066],[151.178509,-33.8185819],[151.1783989,-33.8185486],[151.1783302,-33.8185278],[151.1783513,-33.8184866],[151.178374,-33.8184457],[151.1784589,-33.8183144],[151.1784882,-33.8182762],[151.1789203,-33.8176802],[151.178973,-33.8175958],[151.1789867,-33.8175691],[151.1789957,-33.8175409],[151.1789985,-33.8175113],[151.1789961,-33.8174756],[151.1789506,-33.8173447],[151.178826,-33.8169748],[151.1788185,-33.8169336],[151.1788179,-33.8168938],[151.1788359,-33.8168119],[151.1788549,-33.8167529],[151.1788734,-33.8167191],[151.1788885,-33.8166917],[151.178939,-33.816626],[151.1789717,-33.8165923],[151.1791846,-33.8167564],[151.1795379,-33.8170048],[151.1796681,-33.8170998],[151.1797932,-33.8171747],[151.1799313,-33.8172198],[151.1800815,-33.8172561],[151.1803782,-33.8173107],[151.1807759,-33.817382],[151.1812211,-33.8174628],[151.1815322,-33.817527],[151.181731,-33.8175775],[151.1819588,-33.8176608],[151.1821118,-33.81773],[151.1822362,-33.81781],[151.1824735,-33.8180333],[151.1828655,-33.8184148],[151.1831428,-33.8187052],[151.1834539,-33.8189946],[151.1838772,-33.81942],[151.1841905,-33.8197254],[151.1844901,-33.8200189],[151.1848885,-33.8204057],[151.1852375,-33.8207437],[151.1855786,-33.8210979],[151.185909,-33.8214531],[151.1862015,-33.8217663],[151.1864154,-33.8220437],[151.1866835,-33.8224061],[151.1867462,-33.8224817],[151.1867904,-33.8224597],[151.1868438,-33.8224327],[151.1868723,-33.8224183],[151.1874474,-33.8221271],[151.1887007,-33.8214818],[151.1887206,-33.821472],[151.1890012,-33.8213334],[151.1891549,-33.8212575],[151.1891736,-33.8212139],[151.1880892,-33.8197247],[151.1892222,-33.8191757],[151.1891595,-33.8190865],[151.1887866,-33.8185564],[151.1885758,-33.8182612],[151.1884977,-33.8181703],[151.1884315,-33.8180933],[151.1883907,-33.8180386],[151.1884606,-33.818003],[151.1891169,-33.8176719],[151.1892294,-33.8176152],[151.1894484,-33.8175047],[151.1895407,-33.8174581],[151.1896377,-33.8174092],[151.1897461,-33.8173548],[151.1897746,-33.8173405],[151.1897976,-33.8173285],[151.189851,-33.8173016],[151.1901986,-33.8171262],[151.1907633,-33.8168413],[151.1908428,-33.8168012],[151.1908593,-33.8167929],[151.1912116,-33.8166152],[151.1912643,-33.8165886],[151.1912946,-33.8165733],[151.191366,-33.8165373],[151.1914418,-33.8166276],[151.1914608,-33.8166543],[151.1915307,-33.8167525],[151.1917352,-33.8170317],[151.1918217,-33.8171502],[151.1919506,-33.8173241],[151.1920268,-33.8174266],[151.1922397,-33.8177318],[151.1924059,-33.8179537],[151.192445,-33.8180083],[151.1925421,-33.8179584],[151.1926026,-33.8179227],[151.1927083,-33.8178487],[151.1929571,-33.8177047],[151.1929993,-33.8176858],[151.1931504,-33.8176182],[151.1932025,-33.8176072],[151.1934988,-33.8175914],[151.1936227,-33.8175812],[151.1936247,-33.8172512],[151.1936378,-33.8167299],[151.1936546,-33.816228],[151.1935694,-33.8156304],[151.1934935,-33.815141],[151.193353,-33.8146142],[151.1932051,-33.8142095],[151.1929925,-33.813759],[151.1928282,-33.8131264],[151.1926763,-33.8127925],[151.1929063,-33.8127008],[151.1933308,-33.8125678],[151.1939264,-33.8124114],[151.194499,-33.8123107],[151.1951659,-33.8122368],[151.195672,-33.812239],[151.1960413,-33.8122644],[151.1967042,-33.8123803],[151.1970748,-33.8124873],[151.1976527,-33.8127026],[151.1982611,-33.8130182],[151.1983177,-33.812972],[151.1984577,-33.8129329],[151.1986089,-33.8129509],[151.1988259,-33.8129704],[151.199165,-33.8129126],[151.1993773,-33.8129923],[151.199755,-33.8130057],[151.2007141,-33.8127165],[151.2010196,-33.812445],[151.2017423,-33.8123633],[151.2019123,-33.8123655],[151.2021036,-33.8125509],[151.2024543,-33.8127033],[151.202906,-33.812796],[151.2037163,-33.8123765],[151.2043141,-33.8125002],[151.2048641,-33.8132088],[151.2055401,-33.8134428],[151.2055052,-33.8133804],[151.2054018,-33.8131952],[151.2052891,-33.8130133],[151.2046682,-33.8119875],[151.2045762,-33.8118354],[151.2045296,-33.8117402],[151.2044849,-33.8116436],[151.2044484,-33.8115435],[151.2044205,-33.811464],[151.2043928,-33.8113758],[151.2043615,-33.8112816],[151.2043378,-33.8111864],[151.204321,-33.8111232],[151.2042834,-33.8109229],[151.204274,-33.8107143],[151.2042749,-33.8105535],[151.2042753,-33.8104846],[151.2042834,-33.8103061],[151.2043094,-33.810148],[151.2043497,-33.8099799],[151.2043547,-33.8099582],[151.2043723,-33.8098848],[151.2043966,-33.8097736],[151.204818,-33.8078455],[151.2048507,-33.807696],[151.2050992,-33.8065729],[151.2060927,-33.8067353],[151.2068778,-33.8067165],[151.2074703,-33.8066613],[151.2075257,-33.8068467],[151.2075182,-33.8068736],[151.2076248,-33.8068915],[151.2077808,-33.8061842],[151.2080093,-33.806012],[151.2080876,-33.8060297],[151.2085147,-33.8057942],[151.2090136,-33.8058063],[151.2090576,-33.8056337],[151.2090785,-33.8055516],[151.2091281,-33.805357],[151.2105941,-33.8053394],[151.2116485,-33.8048175],[151.2119072,-33.8046824],[151.2123826,-33.8045247],[151.2125748,-33.8045022],[151.2129788,-33.8046189],[151.2133577,-33.8050673],[151.2133892,-33.8050758],[151.213568,-33.8051238],[151.2133764,-33.8056593],[151.2131029,-33.805613],[151.2132615,-33.8057433],[151.2134583,-33.805791],[151.2138589,-33.8059227],[151.2143937,-33.8060718],[151.2147839,-33.8061138],[151.2152055,-33.8060819],[151.2155068,-33.8059994],[151.2157838,-33.8058648],[151.2159754,-33.8057288],[151.216599,-33.8055435],[151.2166784,-33.8055179],[151.216815,-33.805474],[151.2170449,-33.8054132],[151.2173966,-33.8054215],[151.218004,-33.8054263],[151.2183593,-33.8053934],[151.219164,-33.8056694],[151.2197412,-33.8056762],[151.2203164,-33.8056034],[151.2206954,-33.8054145],[151.2224088,-33.8048544],[151.2227406,-33.8046339],[151.2228918,-33.8044694],[151.2228578,-33.8043313],[151.2228272,-33.8041887],[151.2227016,-33.8037947],[151.2225267,-33.803572],[151.2224746,-33.8034645],[151.2223804,-33.8033747],[151.2222967,-33.8033196],[151.222205,-33.803293],[151.2221531,-33.8032427],[151.2221237,-33.8031783],[151.2220549,-33.8031171],[151.2219412,-33.8030856],[151.221854,-33.8030826],[151.221813,-33.8030505],[151.2217602,-33.8029876],[151.2216485,-33.8029317],[151.2216063,-33.8028896],[151.2216146,-33.8028634],[151.2216235,-33.8028353],[151.2216967,-33.802788],[151.2217596,-33.8027591],[151.2217992,-33.8027409],[151.2218648,-33.8026577],[151.2220191,-33.8026411],[151.2223272,-33.8026567],[151.222583,-33.8027099],[151.2227525,-33.8026927],[151.2229079,-33.802616],[151.2231057,-33.8025288],[151.2231841,-33.8024391],[151.2233277,-33.8022762],[151.2234344,-33.8020639],[151.2235968,-33.8018807],[151.2237921,-33.8016648],[151.2239525,-33.8015456],[151.223959,-33.8015253],[151.2240049,-33.8013815],[151.2240265,-33.8012289],[151.2241246,-33.8012208],[151.2242581,-33.8012276],[151.2243354,-33.8013499],[151.2246049,-33.8016815],[151.2246144,-33.8017468],[151.2246963,-33.8018581],[151.2248167,-33.8019635],[151.2249238,-33.802025],[151.2249677,-33.8020346],[151.2249863,-33.8020847],[151.2250396,-33.8021753],[151.2251035,-33.802253],[151.2252112,-33.8023488],[151.2253273,-33.8024033],[151.2255165,-33.8024638],[151.2256621,-33.8025038],[151.2258293,-33.8025767],[151.2260913,-33.8025602],[151.2262667,-33.8024987],[151.2264472,-33.802414],[151.2266449,-33.8022968],[151.2267935,-33.8022391],[151.2269555,-33.8021155],[151.227062,-33.8020277],[151.2272306,-33.8019775],[151.2274822,-33.8020021],[151.2277883,-33.8020604],[151.2279774,-33.8022031],[151.2282641,-33.8023064],[151.2292515,-33.8023446],[151.2298572,-33.8024442],[151.2301822,-33.8024304],[151.2304871,-33.8022732],[151.2307294,-33.801988],[151.2308525,-33.8016535],[151.2309171,-33.8012647],[151.2308459,-33.8009865],[151.230162,-33.7999711],[151.2306001,-33.7986059],[151.2303136,-33.798235],[151.2298224,-33.7980234],[151.229472,-33.7975319],[151.2300327,-33.7966185],[151.2301888,-33.7963668],[151.2302934,-33.7961939],[151.2303662,-33.7961264],[151.2307508,-33.7958348],[151.2307569,-33.7956443],[151.2300608,-33.7948287],[151.22969,-33.7946677],[151.2294062,-33.794501],[151.2290919,-33.7947261],[151.2287162,-33.7954567],[151.2286413,-33.7956523],[151.2281999,-33.7960887],[151.2272759,-33.7965328],[151.2266766,-33.79672],[151.2264378,-33.7967122],[151.2262541,-33.7967802],[151.2259499,-33.796748],[151.2243243,-33.7972133],[151.2243363,-33.7971424],[151.223828,-33.7971758],[151.223769,-33.7970939],[151.223366,-33.7971201],[151.2233483,-33.7972408],[151.2231313,-33.7971956],[151.2225379,-33.7972945],[151.2223589,-33.7972611],[151.2220269,-33.7973897],[151.2218479,-33.7974522],[151.2214536,-33.7976852],[151.2212815,-33.7977073],[151.2209453,-33.7976829],[151.2207153,-33.797592],[151.2205854,-33.7975437],[151.2203566,-33.7974917],[151.220132,-33.7971501],[151.22005,-33.7969779],[151.2201066,-33.7969115],[151.2201696,-33.7968463],[151.2203391,-33.7968927],[151.2205773,-33.7969096],[151.2212407,-33.7966796],[151.221564,-33.796501],[151.2218596,-33.7963832],[151.222727,-33.795396],[151.2228987,-33.7949324],[151.2228997,-33.794475],[151.2227957,-33.7941692],[151.2226627,-33.7939965],[151.2223579,-33.7937911],[151.2220042,-33.7936558],[151.2208892,-33.7932465],[151.2205856,-33.7930183],[151.2203777,-33.7928381],[151.220279,-33.7927873],[151.2202726,-33.7927317],[151.2200438,-33.7925121],[151.2199733,-33.7924917],[151.2196736,-33.7921536],[151.2195693,-33.7920358],[151.2195108,-33.7919901],[151.2193582,-33.7920133],[151.2192215,-33.7920117],[151.2189056,-33.792192],[151.2186463,-33.7925387],[151.2184549,-33.7926886],[151.218315,-33.7927579],[151.2181672,-33.7928036],[151.2178883,-33.7928438],[151.2177842,-33.7928244],[151.2175689,-33.7927203],[151.2174145,-33.7925133],[151.2174368,-33.7924748],[151.2175391,-33.7924356],[151.2175956,-33.7924448],[151.2176727,-33.7924038],[151.2177528,-33.7923749],[151.2178335,-33.7924089],[151.2179881,-33.7923467],[151.2180433,-33.7922866],[151.2180256,-33.7922346],[151.2179758,-33.7922084],[151.2179289,-33.7922139],[151.2179423,-33.7921632],[151.217913,-33.7921418],[151.21784,-33.7921418],[151.2177461,-33.7921198],[151.2176308,-33.7920775],[151.2175123,-33.7920658],[151.2173296,-33.7919972],[151.2172789,-33.7919052],[151.217257,-33.7917045],[151.2172637,-33.7914412],[151.2174606,-33.791119],[151.2177905,-33.7908474],[151.2180436,-33.7906705],[151.2183332,-33.7907092],[151.2186381,-33.7906953],[151.2190201,-33.7905123],[151.219414,-33.7903739],[151.2196757,-33.7904258],[151.2198596,-33.7906521],[151.2200811,-33.7908876],[151.2204909,-33.7911291],[151.2209131,-33.7914902],[151.2210167,-33.7917088],[151.221145,-33.7919161],[151.2215225,-33.7920413],[151.2219339,-33.7920541],[151.2223054,-33.7919595],[151.2226472,-33.7921172],[151.2229733,-33.792374],[151.2238659,-33.7928599],[151.2249901,-33.793337],[151.2254089,-33.7934282],[151.225604,-33.793389],[151.2259613,-33.793107],[151.2263293,-33.7925273],[151.2262487,-33.7923184],[151.2260898,-33.7921462],[151.2259005,-33.791911],[151.225839,-33.7917738],[151.2258472,-33.7916514],[151.2258757,-33.7915441],[151.2261245,-33.7914287],[151.2264172,-33.7913489],[151.2265386,-33.7912567],[151.226605,-33.7911696],[151.2267908,-33.791126],[151.2270043,-33.7911499],[151.2271406,-33.7911798],[151.2275541,-33.7913168],[151.2281223,-33.7914098],[151.2286408,-33.7913741],[151.2292279,-33.7913503],[151.2295496,-33.791266],[151.2297993,-33.7911659],[151.2299794,-33.7910382],[151.2301578,-33.7910167],[151.2303239,-33.7910059],[151.2304586,-33.7910383],[151.2305867,-33.7910858],[151.2306441,-33.7912199],[151.2307086,-33.7913622],[151.2308411,-33.79149],[151.2311311,-33.7915786],[151.2314421,-33.7915091],[151.2316325,-33.7913508],[151.2318756,-33.7911242],[151.2320483,-33.7909865],[151.2321969,-33.7908373],[151.2324773,-33.7907668],[151.2326774,-33.7905252],[151.2329252,-33.7901451],[151.2330096,-33.7899675],[151.2330282,-33.7897898],[151.2328875,-33.7893544],[151.2327289,-33.7888903],[151.2326292,-33.7883834],[151.2322688,-33.7874104],[151.2318986,-33.7869773],[151.2314898,-33.786795],[151.2312892,-33.7867823],[151.2312139,-33.7867344],[151.2311624,-33.7866507],[151.2308715,-33.7865133],[151.2308091,-33.7864264],[151.2305898,-33.786394],[151.2305016,-33.7863793],[151.2304206,-33.7863802],[151.2303688,-33.7863137],[151.2304444,-33.7861918],[151.2304996,-33.7860215],[151.2304002,-33.7858818],[151.2303033,-33.7857921],[151.2302629,-33.7852496],[151.2301495,-33.7851612],[151.2298685,-33.7851727],[151.2294071,-33.7852997],[151.2291953,-33.7852823],[151.2288969,-33.785389],[151.2288153,-33.7854739],[151.2272175,-33.7858768],[151.2260975,-33.7860031],[151.2256355,-33.7859637],[151.2253468,-33.786004],[151.2249796,-33.7859149],[151.2241215,-33.7859771],[151.2239141,-33.7859921],[151.2230116,-33.7861699],[151.2226763,-33.7863274],[151.2223233,-33.7864013],[151.2220052,-33.7860974],[151.2212192,-33.7855732],[151.220425,-33.7852353],[151.2198729,-33.7853032],[151.2190553,-33.7856311],[151.21771,-33.785533],[151.2164944,-33.7849761],[151.2163413,-33.7847825],[151.2162947,-33.7844743],[151.2160699,-33.7844058],[151.2153493,-33.7845052],[151.2146042,-33.7845471],[151.2136821,-33.7843836],[151.213,-33.784032],[151.2125692,-33.7834816],[151.2123749,-33.7829106],[151.2122509,-33.7822037],[151.2119745,-33.7814723],[151.2122341,-33.7802559],[151.2113608,-33.778608],[151.2085178,-33.7784771],[151.2074556,-33.7787543],[151.2072131,-33.7785767],[151.2068811,-33.778098],[151.206849,-33.77807],[151.2068171,-33.7780632],[151.2069206,-33.7780281],[151.206928,-33.7780256],[151.2069497,-33.7780183],[151.2070298,-33.7779911],[151.2069551,-33.7778462],[151.2069449,-33.7778264],[151.2069184,-33.7777322],[151.2068293,-33.77775],[151.2068284,-33.7777465],[151.206826,-33.7777379],[151.2068235,-33.7777294],[151.2067963,-33.777632],[151.2066629,-33.7776592],[151.2066403,-33.777664],[151.206619,-33.7776374],[151.2066223,-33.7776079],[151.2066484,-33.7775185],[151.2068128,-33.777487],[151.2069382,-33.7775215],[151.207079,-33.7775315],[151.2071772,-33.7775088],[151.2072287,-33.7775513],[151.2072607,-33.7775463],[151.2073958,-33.7775251],[151.2074527,-33.7771067],[151.207449,-33.7770934],[151.2073416,-33.7767085],[151.206404,-33.7755018],[151.2063474,-33.775429],[151.2060102,-33.7752573],[151.205568,-33.7750725],[151.2052858,-33.7748957],[151.2052624,-33.7749165],[151.2051285,-33.7748295],[151.2051509,-33.7748082],[151.2050877,-33.7747652],[151.2048565,-33.7743728],[151.2031727,-33.7736815],[151.2029243,-33.7734628],[151.202733,-33.7731094],[151.2027466,-33.7729716],[151.2027224,-33.7728239],[151.2026529,-33.7727865],[151.2026775,-33.7727643],[151.202652,-33.7727414],[151.2026646,-33.7727177],[151.2029108,-33.772776],[151.203086,-33.772949],[151.2032171,-33.7728832],[151.2034673,-33.7726751],[151.2034808,-33.7723786],[151.2034379,-33.7720606],[151.2033883,-33.7718931],[151.2032488,-33.7716506],[151.2030429,-33.7711684],[151.2029323,-33.7710102],[151.2028398,-33.7708775],[151.2027211,-33.7705335],[151.202571,-33.7703531],[151.202402,-33.7701165],[151.2011332,-33.7690954],[151.2010936,-33.7690609],[151.2009349,-33.7689039],[151.2003512,-33.7686888],[151.2000347,-33.7686318],[151.1994963,-33.7685888],[151.1990798,-33.7686375],[151.1987636,-33.7686218],[151.1984458,-33.7682595],[151.1984664,-33.7681891],[151.1981533,-33.7681897],[151.1978848,-33.7681295],[151.1976917,-33.7681973],[151.1976356,-33.76831],[151.1973436,-33.76837],[151.1971154,-33.7683896],[151.197058,-33.7683701],[151.1969374,-33.7683181],[151.1968324,-33.7682407],[151.196654,-33.7680886],[151.1962641,-33.7679164],[151.1958899,-33.7677209],[151.1955042,-33.7675457],[151.1950229,-33.7674204],[151.1948833,-33.7675873],[151.1947502,-33.7678144],[151.1947758,-33.7680677],[151.1948195,-33.7683543],[151.1948686,-33.7686818],[151.195026,-33.7691044],[151.1952197,-33.7694264],[151.195486,-33.7696478],[151.1954618,-33.7702516],[151.1950623,-33.7704428],[151.1945781,-33.7704931],[151.1941181,-33.7705937],[151.193876,-33.7707245],[151.1937671,-33.7711069],[151.1937066,-33.7713383],[151.1937066,-33.7717811],[151.1936418,-33.7721004],[151.1934538,-33.7723409],[151.1932524,-33.7725019],[151.1931904,-33.7727273],[151.1931439,-33.7730815],[151.1929392,-33.7733212],[151.1909164,-33.7739523],[151.1907754,-33.7738043],[151.1905453,-33.7738351],[151.1903116,-33.7735637],[151.1897513,-33.7738722],[151.189614,-33.7739493],[151.1893877,-33.7738907],[151.1893692,-33.7738382],[151.1891317,-33.7737149],[151.1890686,-33.7736439],[151.1888757,-33.7737673],[151.1890946,-33.7740079],[151.188794,-33.7741991],[151.1884045,-33.7741343],[151.1877588,-33.7743286],[151.187488,-33.7740325],[151.1872171,-33.7741867],[151.1873247,-33.7743132],[151.1867274,-33.7746895],[151.1869611,-33.7749424],[151.186783,-33.7750596],[151.1862079,-33.7752477],[151.185822,-33.774745],[151.185578,-33.7748403],[151.1834214,-33.7756826],[151.1837516,-33.7761236],[151.183293,-33.7762687],[151.1831874,-33.7763021],[151.182949,-33.7759862],[151.182812,-33.7758061],[151.1825501,-33.7754724],[151.1824647,-33.7753657],[151.1824105,-33.7752979],[151.1823538,-33.7752276],[151.1820137,-33.7748056],[151.1810362,-33.7752323],[151.1807418,-33.7748282],[151.1795232,-33.7753833],[151.1798137,-33.7757683],[151.1792678,-33.7760031],[151.1789902,-33.7756275],[151.1779573,-33.7760917],[151.1781961,-33.7764512],[151.1773149,-33.7768523],[151.1770825,-33.7764861],[151.1760786,-33.7769355],[151.1763142,-33.7773031],[151.1747487,-33.778006],[151.1745163,-33.7776438],[151.1733671,-33.7781563],[151.1735721,-33.7785333],[151.1737835,-33.7789075],[151.1738594,-33.7790068],[151.1733639,-33.7793985],[151.173372,-33.7795998],[151.1732622,-33.77964],[151.1733058,-33.7801605],[151.1739207,-33.7804677],[151.1739724,-33.78118],[151.1738303,-33.7815503],[151.1738949,-33.7815838],[151.1739336,-33.7816415],[151.1739256,-33.7817019],[151.1736738,-33.7820909],[151.1732106,-33.7824745],[151.1728684,-33.7831037],[151.1723729,-33.7833304],[151.172544,-33.783592],[151.168951,-33.785374],[151.1686693,-33.7855137],[151.1686249,-33.7859135],[151.1685874,-33.7862519],[151.1677663,-33.7862358],[151.1676868,-33.7848729],[151.1674286,-33.784559],[151.1671252,-33.7847951],[151.1669734,-33.7846234],[151.1667604,-33.7843041],[151.1644266,-33.7854014],[151.163455,-33.785946],[151.1615699,-33.786107],[151.1615412,-33.7862882],[151.1614897,-33.7865611],[151.1614367,-33.7868482],[151.161546,-33.7868664],[151.1622921,-33.7869796],[151.162942,-33.7877523],[151.1641014,-33.7891875],[151.1640933,-33.7892814],[151.1652645,-33.7907352],[151.1653143,-33.7906992],[151.1663636,-33.7919546],[151.1660307,-33.7918475],[151.1658123,-33.791825],[151.1651586,-33.7919308],[151.1647974,-33.7919868],[151.1642036,-33.7918938],[151.1638335,-33.7917133],[151.1632193,-33.7913811],[151.1631769,-33.7913789],[151.1627874,-33.7913588],[151.1624371,-33.7914538],[151.1616931,-33.7917333],[151.160985,-33.791983],[151.1601803,-33.7921524],[151.1594615,-33.7920543],[151.1586568,-33.7918492],[151.1579165,-33.7918314],[151.1573296,-33.7920006],[151.1572579,-33.7920213],[151.1570398,-33.7920842],[151.1572237,-33.7924474],[151.1572447,-33.7926097],[151.1573364,-33.7933167],[151.1573846,-33.7942885],[151.1574705,-33.7951489],[151.1574866,-33.7956126],[151.1577226,-33.7963972],[151.1578191,-33.7966557],[151.1580133,-33.7969809],[151.1584049,-33.7975293],[151.1588514,-33.7981477],[151.1589457,-33.7982784],[151.1591603,-33.7986529],[151.1592168,-33.7988857],[151.1588905,-33.7994934],[151.1586791,-33.7997753],[151.1582859,-33.8002755],[151.1580069,-33.8005964],[151.1574705,-33.8009397],[151.1571979,-33.8010108],[151.1569405,-33.8007879],[151.1566079,-33.8005204],[151.1560757,-33.8003468],[151.1556691,-33.8002931],[151.155212,-33.8003691],[151.1548419,-33.8005207],[151.1542411,-33.8006187],[151.1534214,-33.8006586],[151.1530781,-33.8005873],[151.1529332,-33.8002129],[151.1527981,-33.799589],[151.1526003,-33.7992259],[151.1525438,-33.7992037],[151.1525113,-33.7991443],[151.1524731,-33.799122],[151.1523699,-33.7991153],[151.1523082,-33.7990505],[151.1522781,-33.7990606],[151.1522367,-33.7990282],[151.1522222,-33.7990327],[151.1521929,-33.7990226],[151.1521146,-33.7990538],[151.1520539,-33.7991862],[151.1519664,-33.7991923],[151.1518987,-33.7991693],[151.1518745,-33.7991798],[151.1518596,-33.7992133],[151.1517853,-33.7992366],[151.151348,-33.7995658],[151.1511806,-33.7996632],[151.1509603,-33.7997454],[151.1503763,-33.7998247],[151.149977,-33.7997795],[151.1499387,-33.7996671],[151.1499352,-33.7996107],[151.1498767,-33.7995869],[151.1498502,-33.7994895],[151.1498058,-33.7994506],[151.1494507,-33.7992903],[151.1489035,-33.7992814],[151.1485763,-33.7993304],[151.147836,-33.7994731],[151.1467094,-33.7997183],[151.1456044,-33.7999768],[151.144833,-33.8002886],[151.1443622,-33.8006243],[151.1442889,-33.8007951],[151.1442465,-33.8008018],[151.1438922,-33.8011002],[151.1434758,-33.8014967],[151.1431217,-33.8021029],[151.1432397,-33.8023347],[151.143567,-33.8026334],[151.1440122,-33.8029008],[151.1441482,-33.8030034],[151.1446549,-33.8035786],[151.1448051,-33.8041224],[151.1446495,-33.8048624],[151.1446828,-33.8055129],[151.1445048,-33.8057777],[151.1442751,-33.8061192],[151.1434543,-33.8065471],[151.1423975,-33.8073806],[151.1422702,-33.8077318],[151.1420209,-33.8084194]]],[[[151.1533977,-33.7990419],[151.1538973,-33.7990198],[151.1540244,-33.799248],[151.154132,-33.79944],[151.1542324,-33.7995224],[151.1543679,-33.7995737],[151.1544653,-33.7995737],[151.1540258,-33.8002853],[151.1545479,-33.8001638],[151.1549932,-33.7999855],[151.1550659,-33.7999735],[151.1555618,-33.7998919],[151.156109,-33.7999454],[151.156522,-33.800088],[151.1568922,-33.8003288],[151.1570907,-33.8005606],[151.1572409,-33.8006586],[151.1575627,-33.800565],[151.1578846,-33.8003377],[151.1582279,-33.7999231],[151.1586249,-33.7993793],[151.158818,-33.7990182],[151.1587536,-33.7986482],[151.1583717,-33.7980332],[151.1578245,-33.7973868],[151.1575675,-33.7969526],[151.1574233,-33.796709],[151.1572301,-33.7961072],[151.1570972,-33.7949687],[151.1570735,-33.7947656],[151.1571164,-33.7939319],[151.1570446,-33.7935442],[151.1569555,-33.7930626],[151.1569246,-33.7929352],[151.1568445,-33.7926052],[151.1562363,-33.7927375],[151.1561531,-33.792714],[151.155996,-33.7929851],[151.1560155,-33.7930956],[151.1547078,-33.7932223],[151.1545082,-33.7933007],[151.1548869,-33.7961547],[151.1547308,-33.7966544],[151.1543365,-33.7969881],[151.1542312,-33.797147],[151.1533977,-33.7990419]]]]}}]}